smiles,log10_half_life
CCN1CC(CCN2CCOCC2)C(c2ccccc2)(c2ccccc2)C1=O,0.612783962645206
COC(=O)C1=C(C)NC(C)=C(C(=O)OCCN(C)Cc2ccccc2)C1c1cccc([N+](=O)[O-])c1,0.612783962645206
Clc1cccc(N2CCNCC2)c1,0.6720979503387889
CCN(CC)CCNC(=O)c1ccc(NC(C)=O)cc1,0.8061800418423947
CN1[C@@H]2CC[C@H]1C[C@@H](OC(=O)C(CO)c1ccccc1)C2,0.612783962645206
O=C(c1ccccc1)c1ccc2n1CCC2C(=O)O,0.7075702612537088
CN(C)C(=O)Oc1cc(OC(=O)N(C)C)cc(C(O)CNC(C)(C)C)c1,0.4149735150071251
O=c1[nH]cc(F)c(=O)[nH]1,-0.9208151348467722
NS(=O)(=O)c1cc(C2(O)NC(=O)c3ccccc32)ccc1Cl,1.5563025128310226
NC[C@H]1O[C@H](O[C@H]2[C@H](O)[C@@H](O[C@H]3O[C@H](CO)[C@@H](O)[C@H](N)[C@H]3O)[C@H](N)C[C@@H]2N)[C@H](N)C[C@@H]1O,0.3010302128111679
CC(C(=O)O)c1cccc(C(=O)c2ccccc2)c1,0.32221950154076623
CCCNCC(O)COc1ccccc1C(=O)CCc1ccccc1,0.32221950154076623
CCc1cccc2cc(C(O)CNC(C)(C)C)oc12,0.3617280248412396
CC(C)c1nc(N(C)S(C)(=O)=O)nc(-c2ccc(F)cc2)c1/C=C/[C@@H](O)C[C@@H](O)CC(=O)O,0.3010302128111679
N=C(N)c1ccc(C(=O)N[C@@H](Cc2ccc(O)cc2)C(=O)N2CCC(OCC(=O)O)CC2)cc1,0.32221950154076623
CC[C@@]1(O)C(=O)OCc2c1cc1n(c2=O)Cc2cc3c(CN(C)C)c(O)ccc3nc2-1,0.3617280248412396
CC1(C)O[C@@H]2C[C@H]3[C@@H]4CCC5=CC(=O)C=C[C@]5(C)[C@@]4(F)[C@@H](O)C[C@]3(C)[C@]2(C(=O)CO)O1,0.38021142266760244
C=CCc1ccccc1OCC(O)CNC(C)C,0.39794018238979567
Cc1nnc2n1-c1ccc(Cl)cc1C(c1ccccc1Cl)=NC2,0.4313639250087657
CN1[C@@H]2CC[C@H]1C[C@@H](OC(=O)c1c[nH]c3ccccc13)C2,0.7481881045587795
O=C(CCCN1CCC(n2c(O)nc3ccccc32)CC1)c1ccc(F)cc1,0.7634280684412897
CC(C)NCC(O)c1ccc(O)c(O)c1,-0.38721508402672244
CC(C)c1cccc(C(C)C)c1O,0.5051501140369103
CN1CCN(C(=O)OC2c3nccnc3C(=O)N2c2ccc(Cl)cn2)CC1,0.7160034271529607
C[C@](N)(Cc1ccc(O)c(O)c1)C(=O)O,0.7708520852513722
O=C(CCCN1CCC(O)(c2ccc(Cl)cc2)CC1)c1ccc(F)cc1,1.5440680567586893
COc1cccc2c1C(=O)c1c(O)c3c(c(O)c1C2=O)C[C@@](O)(C(=O)CO)C[C@@H]3O[C@H]1C[C@H](N)[C@@H](O)[C@H](C)O1,1.5563025128310226
CCC(CC)O[C@@H]1C=C(C(=O)O)C[C@H](N)[C@H]1NC(C)=O,0.25527274637795117
CC(C)NCC(O)COc1cccc2ccccc12,0.5314790447759075
N[C@@H](C(=O)N[C@@H]1C(=O)N2C(C(=O)O)=C(CSc3c[nH]nn3)CS[C@H]12)c1ccc(O)cc1,0.07918160795954224
C=CCC1(C(C)C#CCC)C(=O)NC(=O)N(C)C1=O,0.20412025408989115
Cn1cc(NC(=O)Nc2cc(C(=O)Nc3cc(C(=O)Nc4ccc5cc(S(=O)(=O)O)cc(S(=O)(=O)O)c5c4)n(C)c3)n(C)c2)cc1C(=O)Nc1cc(C(=O)Nc2ccc3cc(S(=O)(=O)O)cc(S(=O)(=O)O)c3c2)n(C)c1,2.86332286071538
Cc1cnc(C(=O)NCCc2ccc(S(=O)(=O)NC(=O)NC3CCCCC3)cc2)cn1,0.518514071482256
CCCN(CCC)S(=O)(=O)c1ccc(C(=O)O)cc1,0.7708520852513722
CN(C)C(=O)CCS[C@H](SCCC(=O)O)c1cccc(/C=C/c2ccc3ccc(Cl)cc3n2)c1,0.3617280248412396
CC(CN1c2ccccc2Sc2ccccc21)N(C)C,1.1461280666992713
CCCC1C(=O)N2C(N(C)C)=Nc3ccc(C)cc3N2C1=O,1.2304489469250075
C[C@@H](O[C@H]1OCCN(Cc2n[nH]c(=O)[nH]2)[C@H]1c1ccc(F)cc1)c1cc(C(F)(F)F)cc(C(F)(F)F)c1,1.1139433857141032
CCCc1nn(C)c2c(=O)[nH]c(-c3cc(S(=O)(=O)N4CCN(C)CC4)ccc3OCC)nc12,0.5910647183840444
Cc1cccc(C)c1NC(=O)NCCCNC(C)C,0.6989700911949065
CCn1cc(C(=O)O)c(=O)c2cc(F)c(N3CCNCC3)nc21,0.7075702612537088
N[C@@H](Cc1ccc(N(CCCl)CCCl)cc1)C(=O)O,4.342942647204277e-07
O=C(O)C1N=C(c2ccccc2)c2cc(Cl)ccc2NC1=O,0.38021142266760244
Cc1ncc2n1-c1ccc(Cl)cc1C(c1ccccc1F)=NC2,0.49136183392924426
COc1cc2c(N)nc(N3CCN(C(=O)OCC(C)(C)O)CC3)nc2c(OC)c1OC,0.49136183392924426
Cc1cccc([C@H](C)c2c[nH]cn2)c1C,0.3424228782287441
CC=CC1=C(C(=O)O)N2C(=O)[C@@H](NC(=O)[C@H](N)c3ccc(O)cc3)[C@H]2SC1,0.07918160795954224
CCC(CC)COC(C(=O)OCCN(C)C)(c1ccccc1)c1ccccc1,1.531478929815622
NC12CC3CC(CC(C3)C1)C2,1.204120009799329
CC(=O)[C@]1(O)Cc2c(O)c3c(c(O)c2[C@@H](O[C@H]2C[C@H](N)[C@H](O)[C@H](C)O2)C1)C(=O)c1ccccc1C3=O,1.204120009799329
CN1C(=O)CC[C@H]1c1cccnc1,1.2304489469250075
Cc1cc(O)c2c(=O)c3c(O)cc(O)c4c5c(O)cc(O)c6c(=O)c7c(O)cc(CO)c8c1c2c(c34)c(c65)c78,1.3010300173787048
CC(C)NCC(O)COc1ccc(CCOCC2CC2)cc1,1.2304489469250075
COc1cc(NCc2ccc3nc(N)nc(N)c3c2C)cc(OC)c1OC,1.2304489469250075
CN(C)CCC(c1ccc(Cl)cc1)c1ccccn1,1.3424227005628642
CC[C@]1(O)C[C@H]2CN(CCc3c([nH]c4ccccc34)[C@@](C(=O)OC)(c3cc4c(cc3OC)N(C=O)[C@H]3[C@@](O)(C(=O)OC)[C@H](OC(C)=O)[C@]5(CC)C=CCN6CC[C@]43[C@@H]65)C2)C1,1.3617278548999612
CN(C)CCCN1c2ccccc2CCc2ccccc21,1.204120009799329
C=C(C)O[C@@]12CO[C@@H]1C[C@@H]1C[C@@]13C(=O)[C@H](OC(C)=O)C1=C(C)[C@@H](OC(=O)[C@H](O)[C@@H](NC(=O)OC(C)(C)C)c4ccccc4)C[C@@](O)([C@H](OC(=O)c4ccccc4)[C@H]23)C1(C)C,1.3010300173787048
C=CC[C@@H]1/C=C(\C)C[C@H](C)C[C@H](OC)[C@H]2O[C@@](O)(C(=O)C(=O)N3CCCC[C@H]3C(=O)O[C@H](/C(C)=C/[C@@H]3CC[C@@H](O)[C@H](OC)C3)[C@H](C)[C@@H](O)CC1=O)[C@H](C)C[C@@H]2OC,1.4149733646744516
CC(=O)CC(c1ccccc1)c1c(O)c2ccccc2oc1=O,1.4623980128746277
Cc1cccc(C)c1NC(=O)C(C)N,1.07918128223883
CN(C(=O)c1c(O)c2ccccc2n(C)c1=O)c1ccccc1,1.491361707843772
CC[C@H]1OC(=O)[C@H](C)C(=O)[C@H](C)[C@@H](O[C@@H]2O[C@H](C)C[C@H](N(C)C)[C@H]2O)[C@](C)(OC)C[C@@H](C)C(=O)[C@H](C)[C@H]2N(CCCCn3cnc(-c4cccnc4)c3)C(=O)O[C@]12C,1.07918128223883
CC(=O)Nc1nnc(S(N)(=O)=O)s1,1.1139433857141032
COCC(=O)O[C@]1(CCN(C)CCCc2nc3ccccc3[nH]2)CCc2cc(F)ccc2[C@@H]1C(C)C,1.1139433857141032
CCN[C@@H](C)Cc1cccc(C(F)(F)F)c1,1.1461280666992713
COc1cc([C@@H]2c3cc4c(cc3C(OC3OC5COC(C)OC5C(O)C3N)C3COC(=O)[C@@H]32)OCO4)cc(OC)c1O,1.1461280666992713
c1ccc(C2(N3CCCCC3)CCCCC2)cc1,1.204120009799329
CNCCCN1c2ccccc2CCc2ccccc21,1.3424227005628642
N[C@@H](CC(=O)N1CCn2c(nnc2C(F)(F)F)C1)Cc1cc(F)c(F)cc1F,1.07918128223883
C[C@@H]1CN(c2c(F)c(N)c3c(=O)c(C(=O)O)cn(C4CC4)c3c2F)C[C@H](C)N1,1.3010300173787048
CCC1=C[C@@H]2CN(C1)Cc1c([nH]c3ccccc13)[C@@](C(=O)OC)(c1cc3c(cc1OC)N(C)[C@H]1[C@@](O)(C(=O)OC)[C@H](OC(C)=O)[C@]4(CC)C=CCN5CC[C@]31[C@@H]54)C2,1.4149733646744516
CCC(=O)C(CC(C)N(C)C)(c1ccccc1)c1ccccc1,1.491361707843772
C[C@H]1c2cccc(O)c2C(=O)C2=C(O)[C@]3(O)C(=O)C(C(N)=O)=C(O)[C@@H](N(C)C)[C@@H]3[C@@H](O)[C@@H]21,1.1461280666992713
CC(C)N1CCC(N(C(=O)Cc2ccccc2)c2ccc(Cl)cc2)CC1,0.812913423457386
CCCCCCCCCCNCCN[C@@]1(C)C[C@H](O[C@H]2[C@H](Oc3c4cc5cc3Oc3ccc(cc3Cl)[C@@H](O)[C@@H](NC(=O)[C@@H](CC(C)C)NC)C(=O)N[C@@H](CC(N)=O)C(=O)N[C@H]5C(=O)N[C@H]3C(=O)N[C@H](C(=O)N[C@H](C(=O)O)c5cc(O)c(CNCP(=O)(O)O)c(O)c5-c5cc3ccc5O)[C@H](O)c3ccc(c(Cl)c3)O4)O[C@H](CO)[C@@H](O)[C@@H]2O)O[C@@H](C)[C@H]1O,0.8260748675208935
C[C@@H]1O[C@@H]1P(=O)(O)O,0.2787538295288119
CC(=O)O[C@H]1C[C@]2(C)CC[C@H]3[C@@H]4C[C@H](N5CC[N+](C)(C)CC5)[C@H](OC(C)=O)[C@@]4(C)CC[C@@H]3[C@@]2(C)C[C@@H]1N1CC[N+](C)(C)CC1,0.2787538295288119
C[C@H](CS)C(=O)N1CCC[C@H]1C(=O)O,0.3010302128111679
O=C(NCCNCC(O)COc1ccc(O)cc1)N1CCOCC1,0.886490781574359
COCCc1ccc(OCC(O)CNC(C)C)cc1,0.5563026214046267
O=C(O)[C@@H]1C[C@@H](C2CCCCC2)CN1C(=O)CP(=O)(O)CCCCc1ccccc1,0.9731278998012368
CN(C)[C@@H]1C(O)=C(C(N)=O)C(=O)[C@@]2(O)C(O)=C3C(=O)c4c(O)cccc4[C@@](C)(O)[C@H]3C[C@@H]12,0.9731278998012368
CCC1=C(C)CN(C(=O)NCCc2ccc(S(=O)(=O)NC(=O)N[C@H]3CC[C@H](C)CC3)cc2)C1=O,0.9978231243934098
CN1C(=O)NC(=O)C(C)(C2=CCCCC2)C1=O,0.6901961686600315
CCOc1ccccc1OC(c1ccccc1)C1CNCCO1,1.000000043429446
CO/N=C(\C(=O)N[C@@H]1C(=O)N2C(C(=O)O)=C(COC(C)=O)CS[C@H]12)c1csc(N)n1,0.07918160795954224
CC(=O)OCC1=C(C(=O)O)N2C(=O)[C@@H](NC(=O)CSc3ccncc3)[C@H]2SC1,0.07918160795954224
CCc1nn(CCCN2CCN(c3cccc(Cl)c3)CC2)c(=O)n1CCOc1ccccc1,0.07918160795954224
CC(=O)N[C@H](Cc1ccc2ccccc2c1)C(=O)N[C@H](Cc1ccc(Cl)cc1)C(=O)N[C@H](Cc1cccnc1)C(=O)N[C@@H](CO)C(=O)N[C@@H](Cc1ccc(O)cc1)C(=O)N[C@H](CCCNC(N)=O)C(=O)N[C@@H](CC(C)C)C(=O)N[C@@H](CCCNC(=N)N)C(=O)N1CCC[C@H]1C(=O)N[C@H](C)C(N)=O,1.07918128223883
O=C1c2ccccc2S(=O)(=O)N1CCCCNC[C@H]1CCc2ccccc2O1,0.07918160795954224
Nc1nc(=O)c2c([nH]1)NCC(CNc1ccc(C(=O)N[C@@H](CCC(=O)O)C(=O)O)cc1)N2C=O,0.11394368637938665
COCCOC(=O)C1=C(C)NC(C)=C(C(=O)OC(C)C)C1c1cccc([N+](=O)[O-])c1,0.11394368637938665
O=c1[nH]cnc2c1ncn2[C@H]1CC[C@@H](CO)O1,0.1461283458884714
O=C(O)O,0.8920946583692566
COc1c(N2C[C@@H]3CCCN[C@@H]3C2)c(F)cc2c(=O)c(C(=O)O)cn(C3CC3)c12,0.9138139053464551
CCOC(=O)C1=C(C)NC(C)=C(C(=O)OC)C1c1cccc([N+](=O)[O-])c1,0.9138139053464551
CN1CCN(c2c(F)cc3c(=O)c(C(=O)O)cn(CCF)c3c2F)CC1,0.934498501742923
COc1cc2nc(N3CCN(C(=O)C4CCCO4)CC3)nc(N)c2cc1OC,0.9542425576942646
O=C(O)P(=O)(O)O,0.6720979503387889
Oc1ccc2c(c1)[C@@]13CCCC[C@@]1(O)[C@@H](C2)N(CC1CCC1)CC3,0.6812413278535948
CC(C)(O)c1ccccc1CC[C@@H](SCC1(CC(=O)O)CC1)c1cccc(/C=C/c2ccc3ccc(Cl)cc3n2)c1,0.6989700911949065
Nc1ccn([C@@H]2CS[C@H](CO)O2)c(=O)n1,0.9590414400457593
CCOC(=O)C1=C(C)NC(C)=C(C(=O)OC)C1c1cccc(Cl)c1Cl,1.000000043429446
COc1c(N2CCNC(C)C2)c(F)cc2c(=O)c(C(=O)O)cn(C3CC3)c12,1.000000043429446
Cc1cc(NC(=O)C2=C(O)c3ccccc3S(=O)(=O)N2C)no1,1.518513953038326
COc1cc2ncnc(Nc3ccc(F)c(Cl)c3)c2cc1OCCCN1CCOCC1,1.531478929815622
CN(C)c1ccc(O)c2c1C[C@H]1C[C@H]3[C@H](N(C)C)C(O)=C(C(N)=O)C(=O)[C@@]3(O)C(O)=C1C2=O,1.2304489469250075
Cc1cnc(NCCCN(C)C)c2c1[nH]c1ccc3cc(O)ccc3c12,1.2787536238104327
CN[C@@H]1[C@@H](O)[C@@H](O[C@@H]2[C@@H](O)[C@H](O[C@H]3O[C@H](CN)[C@@H](O)[C@H](O)[C@H]3O)[C@@H](N)C[C@H]2NC(=O)[C@@H](O)CN)OC[C@]1(C)O,1.3802112598072092
CSCO[C@H]1C[C@H]2OC[C@@]2(OC(C)=O)C2[C@H](OCc3ccccc3)[C@]3(O)CC(OC(=O)[C@H](O)[C@@H](NC(=O)c4ccccc4)c4ccccc4)C(C)=C([C@@H](OC(C)=O)C(=O)[C@@]21C)C3(C)C,1.5051499918916083
Fc1ccc([C@@H]2CCNC[C@H]2COc2ccc3c(c2)OCO3)cc1,1.1139433857141032
O=C(NCCN1CCOCC1)c1ccc(Cl)cc1,0.17609154858523932
CCN(CC)CCNC(=O)c1cc(Cl)c(N)cc1OC,0.8573325567499424
C=CC[N+]1([C@H]2C[C@H]3[C@@H]4CC[C@H]5C[C@H](O)[C@@H](N6CCOCC6)C[C@]5(C)[C@H]4CC[C@]3(C)[C@H]2OC(C)=O)CCCC1,0.20412025408989115
CO[C@@]12CC[C@@]3(C[C@@H]1[C@](C)(O)C(C)(C)C)[C@H]1Cc4ccc(O)c5c4[C@@]3(CCN1CC1CC1)[C@H]2O5,0.5051501140369103
COc1ccccc1OCCNCC(O)COc1cccc2[nH]c3ccccc3c12,0.38021142266760244
COCCCOc1ccnc(C[S+]([O-])c2nc3ccccc3[nH]2)c1C,4.342942647204277e-07
CC(C)=CCN1CC[C@]2(C)c3cc(O)ccc3C[C@H]1[C@H]2C,0.39794018238979567
CC1(C)S[C@@H]2[C@H](NC(=O)C(c3ccccc3)S(=O)(=O)O)C(=O)N2[C@H]1C(=O)O,0.07918160795954224
CN(C)Cc1nnc2n1-c1ccc(Cl)cc1C(c1ccccc1)=NC2,0.32221950154076623
C[C@@H]1CC(=O)NN=C1c1ccc(NN=C(C#N)C#N)cc1,0.04139307997121095
CNC1(c2ccccc2Cl)CCCCC1=O,0.4471581864473636
NCCCC[C@H](N[C@@H](CCc1ccccc1)C(=O)O)C(=O)N1CCC[C@H]1C(=O)O,1.6232493007382451
C[C@H]([C@](O)(Cn1cncn1)c1ccc(F)cc1F)S(C)(=O)=O,1.6901960888916663
CCCCCC/C=C\CCCCCCCCCC(=O)N[C@H]1[C@H](OC[C@H]2O[C@H](OP(=O)(O)O)[C@H](NC(=O)CC(=O)CCCCCCCCCCC)[C@@H](OCCCCCCCCCC)[C@@H]2O)O[C@H](COC)[C@@H](OP(=O)(O)O)[C@@H]1OCC[C@@H](CCCCCCC)OC,1.7075701846135143
CNCCCC12CCC(c3ccccc31)c1ccccc12,1.7075701846135143
O=C1c2c(O)ccc(O)c2C(=O)c2c(NCCNCCO)ccc(NCCNCCO)c21,1.7242758777950244
Cc1ccnc2c1NC(=O)c1cccnc1N2C1CC1,1.7242758777950244
O=C1CCc2ccc(OCCCCN3CCN(c4cccc(Cl)c4Cl)CC3)cc2N1,1.875061269182293
CCC1(c2ccccc2)C(=O)NC(=O)NC1=O,1.9956351989843628
CN[C@H]1C(=O)N[C@@H]2Cc3ccc(cc3)Oc3cc4cc(c3O[C@@H]3O[C@H](C(=O)O)[C@@H](O)[C@H](O)[C@H]3NC(=O)CCCCCCCCC(C)C)Oc3ccc(cc3Cl)[C@@H](O)[C@@H]3NC(=O)[C@H](NC(=O)[C@@H]4NC(=O)[C@@H](NC2=O)c2cc(cc(O)c2Cl)Oc2cc1ccc2O)c1ccc(O)c(c1)-c1c(O[C@H]2O[C@H](CO)[C@@H](O)[C@H](O)[C@@H]2O)cc(O)cc1[C@@H](C(=O)NCCCN(C)C)NC3=O,2.2304489239329475
C[C@H]1O[C@@H](O[C@H]2[C@@H](O)C[C@H](O[C@H]3[C@@H](O)C[C@H](O[C@H]4CC[C@@]5(C)[C@H](CC[C@@H]6[C@@H]5CC[C@]5(C)[C@@H](C7=CC(=O)OC7)CC[C@]65O)C4)O[C@@H]3C)O[C@@H]2C)C[C@H](O)[C@@H]1O,2.2552725075160533
Nc1ncn([C@H]2C[C@H](O)[C@@H](CO)O2)c(=O)n1,-0.2365712576541187
C[C@]12CC[C@@H]3c4ccc(O)cc4CC[C@H]3[C@@H]1CC[C@@H]2O,0.23044917684554106
CC(C)N(CCC(C(N)=O)(c1ccccc1)c1ccccn1)C(C)C,0.8450981020563213
O=C(O)c1cn(C2CC2)c2cc(N3CCNCC3)c(F)cc2c1=O,0.5797837109048167
CCCC(=O)OCOC(=O)C1=C(C)NC(C)=C(C(=O)OC)C1c1cccc(Cl)c1Cl,-0.5228772976344773
CN(C)C(=O)Oc1cccc([N+](C)(C)C)c1,0.11394368637938665
Nc1ccc(O)c(C(=O)O)c1,-0.21466945303164947
COc1cccc(OC)c1C(=O)N[C@@H]1C(=O)N2[C@@H]1SC(C)(C)[C@@H]2C(=O)O,-0.19381934743151497
COc1ccc2c(c1)c(CC(=O)O)c(C)n2C(=O)c1ccc(Cl)cc1,0.1461283458884714
CCCC(C)C1(CC)C(=O)NC(=S)NC1=O,0.3010302128111679
CCNCC(O)c1cccc(O)c1,0.3424228782287441
CCOc1ccc(NC(C)=O)cc1,-0.036211700595481795
CCc1nc(N)nc(N)c1-c1ccc(Cl)cc1,2.1461280387803416
CN[C@@H]1C[C@H]2O[C@@](C)([C@@H]1OC)n1c3ccccc3c3c4c(c5c6ccccc6n2c5c31)C(=O)N[C@@H]4O,2.897627091840181
CN1C(=O)CN=C(c2ccccc2)c2cc(Cl)ccc21,1.6232493007382451
CC[C@H]1OC(=O)[C@H](C)[C@@H](O[C@H]2C[C@@](C)(OC)[C@@H](O)[C@H](C)O2)[C@H](C)[C@@H](O[C@@H]2O[C@H](C)C[C@H](N(C)C)[C@H]2O)[C@](C)(O)C[C@@H](C)CN(C)[C@H](C)[C@@H](O)[C@]1(C)O,1.8388490970313782
CCC#CC[C@H](C)[C@H](O)C#C[C@@H]1[C@H]2C/C(=C/COCC(=O)O)C[C@H]2C[C@H]1O,0.04139307997121095
CC(C)NCC(O)c1ccc(NS(C)(=O)=O)cc1,0.7993406183892082
COc1cc2c(cc1OC)[C@@H](Cc1cc(OC)c(OC)c(OC)c1)[N+](C)(CCCOC(=O)CC/C=C/CCC(=O)OCCC[N+]1(C)CCc3cc(OC)c(OC)cc3[C@H]1Cc1cc(OC)c(OC)c(OC)c1)CC2,-0.08092138437787756
CC(C)[C@H]1CC[C@H](C(=O)N[C@H](Cc2ccccc2)C(=O)O)CC1,0.17609154858523932
COC(=O)C1=C(C)NC(C)=C(C(=O)OC)C1c1ccccc1[N+](=O)[O-],0.2787538295288119
CO[C@@]1(NC(=O)C2SC(=C(C(N)=O)C(=O)O)S2)C(=O)N2C(C(=O)O)=C(CSc3nnnn3C)CS[C@@H]21,0.6532126102852178
CCOc1ccc2ccccc2c1C(=O)N[C@@H]1C(=O)N2[C@@H]1SC(C)(C)[C@@H]2C(=O)O,-0.1549013395654979
COC(=O)[C@H]1[C@@H](OC(=O)c2ccccc2)C[C@@H]2CC[C@H]1N2C,-0.11918583627947682
CC(C)(C)NC(=O)[C@@H]1CN(Cc2cccnc2)CCN1C[C@@H](O)C[C@@H](Cc1ccccc1)C(=O)N[C@H]1c2ccccc2C[C@H]1O,4.342942647204277e-07
CN(CC(N)=O)C(=O)N(CCCl)N=O,4.342942647204277e-07
Nc1nc(O)c2ncn(COCCO)c2n1,0.39794018238979567
CO/N=C(\C(=O)N[C@@H]1C(=O)N2C(C(=O)O)=C(COC(N)=O)CS[C@H]12)c1ccco1,0.04139307997121095
O=C(Cc1cccs1)N[C@@H]1C(=O)N2C(C(=O)[O-])=C(C[n+]3ccccc3)CS[C@H]12,0.17609154858523932
CC(=O)N(CC(O)CO)c1c(I)c(C(=O)NCC(O)CO)c(I)c(C(=O)NCC(O)CO)c1I,0.17609154858523932
Cn1nnc2c(C(N)=O)ncn2c1=O,0.17609154858523932
CC(C)Cc1ccc(C(C)C(=O)O)cc1,0.20412025408989115
CCN(CC)CC(=O)Nc1c(C)cccc1C,0.20412025408989115
C=C(CC)C(=O)c1ccc(OCC(=O)O)c(Cl)c1Cl,-0.30102912707588597
Nc1ncnc2c1ncn2CCOCP(=O)(O)O,0.20412025408989115
N#Cc1ccc2c(c1)CN(S(=O)(=O)c1cccs1)[C@H](Cc1ccccc1)CN2Cc1c[nH]cn1,0.20412025408989115
O=C1Nc2ccc(Cl)cc2C(c2ccccc2Cl)=NC1O,1.2304489469250075
COC(=O)C1=C(C)NC(C)=C(C(=O)OCCCN2CCC(c3ccccc3)(c3ccccc3)CC2)[C@@H]1c1cccc([N+](=O)[O-])c1,1.3424227005628642
COc1ccccc1Oc1c(NS(=O)(=O)c2ccc(C(C)(C)C)cc2)nc(-c2ncccn2)nc1OCCO,0.612783962645206
CCOc1ccccc1OCC1CNCCO1,0.612783962645206
CCCCNc1cc(C(=O)O)cc(S(N)(=O)=O)c1Oc1ccccc1,0.07918160795954224
COc1ccc2c3c1O[C@H]1C(=O)CC[C@@]4(O)[C@@H](C2)N(C)CC[C@]314,0.7403627684568698
CC1(C)S[C@@H]2[C@H](NC(=O)[C@H](N)c3ccccc3)C(=O)N2[C@H]1C(=O)O,0.1461283458884714
CCN(C)C(=O)Oc1cccc([C@H](C)N(C)C)c1,0.1461283458884714
CN(C)/N=N/c1[nH]cnc1C(N)=O,0.7923917595457453
N=C(N)N1CCC[C@@H](CNC(=O)C[C@H](NS(=O)(=O)c2ccc3ccccc3c2)C(=O)N(CC(=O)O)C2CC2)C1,0.2787538295288119
COc1ccccc1Oc1c(NS(=O)(=O)c2ccc(C(C)C)cn2)nc(-c2ccnc(-c3nn[nH]n3)c2)nc1OCCO,0.5797837109048167
N=C(N)c1ccc(CNC(=O)[C@@H]2CCN2C(=O)[C@H](NCC(=O)O)C2CCCCC2)cc1,0.20412025408989115
CN1C2CCCC1CC(NC(=O)c1nn(C)c3ccccc13)C2,0.7160034271529607
CC(=O)O[C@H]1C[C@@H]2CC[C@@H]3[C@H](CC[C@@]4(C)[C@H]3C[C@H]([N+]3(C)CCCCC3)[C@@H]4OC(C)=O)[C@@]2(C)C[C@@H]1N1CCCCC1,0.1461283458884714
CC1(C)S[C@@H]2[C@H](NC(=O)[C@H](NC(=O)N3CCN(S(C)(=O)=O)C3=O)c3ccccc3)C(=O)N2[C@H]1C(=O)O,0.07918160795954224
NC(=O)C(c1ccccc1)(c1ccccc1)[C@@H]1CCN(CCc2ccc3c(c2)CCO3)C1,0.5563026214046267
Cc1onc(-c2ccccc2)c1C(=O)N[C@@H]1C(=O)N2[C@@H]1SC(C)(C)[C@@H]2C(=O)O,-0.1549013395654979
Nc1ccn([C@@H]2O[C@H](CO)[C@@H](O)C2(F)F)c(=O)n1,4.342942647204277e-07
C[C@@H](O)[C@H]1C(=O)N2C(C(=O)O)=C(S[C@@H]3CN[C@H](C(=O)N(C)C)C3)[C@H](C)[C@H]12,4.342942647204277e-07
CC1=C(CO)C2=C(C)C3(CC3)[C@@](C)(O)C(=O)C2=C1,-0.5228772976344773
Nc1ncn([C@@H]2O[C@H](CO)[C@@H](O)[C@H]2O)c(=O)n1,-0.44369629286082746
CN(C)CCN(Cc1cccs1)c1ccccn1,0.20412025408989115
O=c1c(O)c(-c2ccc(O)c(O)c2)oc2cc(O)cc(O)c12,-0.22184802579282306
COc1ccc(Cc2nccc3cc(OC)c(OC)cc23)cc1OC,0.25527274637795117
C[C@]12C=CC(=O)C=C1CC[C@@H]1[C@@H]2C(=O)C[C@@]2(C)[C@H]1CC[C@]2(O)C(=O)CO,0.4623981476556482
CCCCN1CCCCC1C(=O)Nc1c(C)cccc1C,0.49136183392924426
Nc1c(CC(=O)O)cccc1C(=O)c1ccc(Br)cc1,0.4149735150071251
C[C@H]1O[C@H](O[C@H]2[C@H](O)[C@@H](O)[C@@H](O[C@H]3[C@H](O)[C@@H](O)[C@H](O)O[C@@H]3CO)O[C@@H]2CO)[C@H](O)[C@@H](O)[C@@H]1N[C@H]1C=C(CO)[C@@H](O)[C@H](O)[C@H]1O,0.4313639250087657
CO[C@@]1(NC(=O)C(C(=O)O)c2ccc(O)cc2)C(=O)N2C(C(=O)O)=C(CSc3nnnn3C)CO[C@@H]21,0.4623981476556482
O=C(O)c1cc(/N=N/c2ccc(O)c(C(=O)O)c2)ccc1O,-0.04575700801151884
NNc1nncc2ccccc12,-0.017728314570581893
CCN1CCN(C(=O)N[C@@H](C(=O)N[C@@H]2C(=O)N3[C@@H]2SC(C)(C)[C@@H]3C(=O)O)c2ccccc2)C(=O)C1=O,-0.017728314570581893
Nc1nc(NC2CC2)c2ncn([C@H]3C=C[C@@H](CO)C3)c2n1,4.342942647204277e-07
Cc1nnc(SCC2=C(C(=O)O)N3C(=O)[C@@H](NC(=O)[C@H](O)c4ccccc4)[C@H]3SC2)s1,4.342942647204277e-07
Cc1c(OCC(F)(F)F)ccnc1C[S+]([O-])c1nc2ccccc2[nH]1,4.342942647204277e-07
C=CCN1CC[C@]23c4c5ccc(O)c4O[C@H]2C(=O)CC[C@@]3(O)[C@H]1C5,0.04139307997121095
COc1nc(C)nc(Cl)c1NC1=NCCN1,0.3424228782287441
NC(N)=Nc1nc(CSCC/C(N)=N/S(N)(=O)=O)cs1,0.4471581864473636
COc1ccc(CCN(C)CCCC(C#N)(c2ccc(OC)c(OC)c2)C(C)C)cc1OC,0.4471581864473636
CCC[C@@H]1C[C@@H](C(=O)N[C@@H]([C@H]2O[C@H](SC)[C@H](O)[C@@H](O)[C@H]2O)[C@@H](C)O)N(C)C1,0.7481881045587795
CC(C)(C)NC(=O)[C@H]1CC[C@H]2[C@@H]3CC[C@H]4NC(=O)C=C[C@]4(C)[C@H]3CC[C@]12C,0.7781513227660513
CC(=O)Oc1ccccc1C(=O)O,-0.5850249816690023
CN(C)CCc1c[nH]c2ccc(CS(=O)(=O)N3CCCC3)cc12,0.5314790447759075
CC1(C)[C@H](C(=O)O)N2C(=O)C[C@H]2S1(=O)=O,0.04139307997121095
CCC[C@@H]1C[C@@H](C(=O)N[C@@H]([C@H]2O[C@H](SC)[C@H](O)[C@@H](O)[C@H]2O)[C@H](C)Cl)N(C)C1,0.32221950154076623
O=P(O)(O)OC(Cn1cncn1)(Cn1cncn1)c1ccc(F)cc1F,0.32221950154076623
CNC(=O)c1cccc2c(Nc3ccc(NS(C)(=O)=O)cc3OC)c3cccc(C)c3nc12,0.38021142266760244
CC/C=C\C/C=C\C/C=C\C/C=C\C/C=C\C/C=C/CCC(=O)O[C@@H](C(=O)O[C@H]1C[C@@]2(O)[C@@H](OC(=O)c3ccccc3)C3[C@](C)(C(=O)[C@H](OC(C)=O)C(=C1C)C2(C)C)[C@@H](O)C[C@H]1OC[C@@]31OC(C)=O)[C@@H](NC(=O)c1ccccc1)c1ccccc1,1.778151257621885
O=C(O[C@H]1CN2CCC1CC2)N1CCc2ccccc2[C@@H]1c1ccccc1,1.716003351986616
CC[C@]1(O)C[C@@H]2CN(CCc3c([nH]c4ccccc34)[C@@](C(=O)OC)(c3cc4c(cc3OC)N(C)[C@H]3[C@@](O)(C(=O)OC)[C@H](OC(C)=O)[C@]5(CC)C=CCN6CC[C@]43[C@@H]65)C2)C1,1.8260748091828336
Nc1nc(O)c2ncn(COC(CO)CO)c2n1,0.5682018414438661
N=C(N)NCCCC[C@@H]1NC(=O)CCSSC[C@@H](C(N)=O)NC(=O)[C@@H]2CCCN2C(=O)[C@H](Cc2c[nH]c3ccccc23)NC(=O)[C@H](CC(=O)O)NC(=O)CNC1=O,0.6232493938013363
CCCc1nc(C)c2c(=O)nc(-c3cc(S(=O)(=O)N4CCN(CC)CC4)ccc3OCC)[nH]n12,0.6532126102852178
N/N=c1/cc2c(n[nH]1)CCN(C(=O)c1ccccc1)C2,0.7481881045587795
C[C@@H](c1ncncc1F)[C@](O)(Cn1cncn1)c1ccc(F)cc1F,0.7481881045587795
CCOC(=O)C1(c2ccccc2)CCC=CC1N(C)C,0.6989700911949065
COc1ccc2c3c1O[C@H]1C[C@@H](O)C=C[C@@]31CCN(C)C2,0.7242759515431364
C[C@H](N[C@@H](CCc1ccccc1)C(=O)O)C(=O)N1CCC[C@H]1C(=O)O,1.591064618162255
CC1=NS(=O)(=O)c2cc(Cl)ccc2N1,1.6812412464233888
O=C1CN=C(c2ccccc2Cl)c2cc(Cl)ccc2N1,2.3010299978354536
Cc1nnc(SCC2=C(C(=O)O)N3C(=O)[C@@H](NC(=O)Cn4cnnn4)[C@H]3SC2)s1,0.23044917684554106
CCCn1c(=O)[nH]c(=O)c2[nH]cnc21,0.25527274637795117
C[N+](C)([O-])CCCN1c2ccccc2CCc2ccccc21,0.25527274637795117
CCn1cc(C(=O)O)c(=O)c2cc(F)c(N3CCN(C)CC3)cc21,1.0413927246395398
CCCCCCCCC/C=C/C=C/C(=O)CCC(=O)NC1[C@H](C(O)CO)O[C@H](Nc2ncnc3nc[nH]c23)[C@H](O)[C@@H]1O,0.11394368637938665
NS(=O)(=O)c1cc(C(=O)O)cc(N2CCCC2)c1Oc1ccccc1,0.11394368637938665
C[C@H]1[C@H](NC(=O)/C(=N\OC(C)(C)C(=O)O)c2csc(N)n2)C(=O)N1S(=O)(=O)O,0.17609154858523932
O=c1ncnc2[nH][nH]cc1-2,-0.09690947014029329
CCCN1CCCC[C@H]1C(=O)Nc1c(C)cccc1C,0.3424228782287441
C[C@H](N[C@@H](CCc1ccccc1)C(=O)O)C(=O)N1Cc2ccccc2C[C@H]1C(=O)O,0.3617280248412396
CCN(CC)CCNC(=O)c1cc(Br)c(N)cc1OC,0.4623981476556482
CCNC(=O)[C@@H]1CCCN1C(=O)[C@H](CCCNC(=N)N)NC(=O)[C@H](CC(C)C)NC(=O)[C@@H](CC(C)C)NC(=O)[C@H](Cc1ccc(O)cc1)NC(=O)[C@H](CO)NC(=O)[C@H](Cc1c[nH]c2ccccc12)NC(=O)[C@H](Cc1c[nH]cn1)NC(=O)[C@@H]1CCC(=O)N1,0.4623981476556482
CCN(CC)CCNC(=O)c1ccc(N)cc1,0.49136183392924426
OCCN1C[C@H](O)[C@@H](O)[C@H](O)[C@H]1CO,0.3617280248412396
O=C1CN(/N=C/c2ccc([N+](=O)[O-])o2)C(=O)N1,-0.01322781800771593
CCC(=O)N(c1ccccc1)C1CCN(CCc2ccccc2)CC1,0.47712139948446564
Cc1nc2n(c(=O)c1CCN1CCC(c3noc4cc(F)ccc34)CC1)CCCC2,0.5051501140369103
CCCC(=O)Nc1ccc(OCC(O)CNC(C)C)c(C(C)=O)c1,0.5440681684343955
CCC1(c2cccc(O)c2)CCCCN(C)C1,0.23044917684554106
CNS(=O)(=O)Cc1ccc2[nH]cc(CCN(C)C)c2c1,0.23044917684554106
CC[N+](C)(C)c1cccc(O)c1,0.25527274637795117
CCCCc1nc(Cl)c(CO)n1Cc1ccc(-c2ccccc2-c2nnn[nH]2)cc1,0.25527274637795117
CCCNC(C)C(=O)Nc1ccccc1C,0.25527274637795117
O=C1CC[C@@]2(O)[C@H]3Cc4ccc(O)c5c4[C@@]2(CCN3CC2CC2)[C@H]1O5,0.2787538295288119
CC[C@H]1OC(=O)[C@H](C)[C@@H](O[C@H]2C[C@@](C)(OC)[C@@H](O)[C@H](C)O2)[C@H](C)[C@@H](O[C@@H]2O[C@H](C)C[C@H](N(C)C)[C@H]2O)[C@](C)(O)C[C@@H](C)C(=O)[C@H](C)[C@@H](O)[C@]1(C)O,0.3010302128111679
Cc1cccc(C)c1NC(=O)C1CCCCN1C,0.3010302128111679
CCN(CC)CCNC(=O)c1ccc(NS(C)(=O)=O)cc1,0.5797837109048167
CC1CCN(CCCC(=O)c2ccc(F)cc2)CC1,0.5910647183840444
CN1CCC[C@@H]1Cc1c[nH]c2ccc(CCS(=O)(=O)c3ccccc3)cc12,0.6232493938013363
Nc1[nH]c(=O)ncc1F,0.6232493938013363
Nc1nc(N)c2nc(-c3ccccc3)c(N)nc2n1,0.6334685565782915
NCC1(CC(=O)O)CCCCC1,0.7242759515431364
CCC(=O)O[C@]1(C(=O)SCF)[C@H](C)C[C@H]2[C@@H]3C[C@H](F)C4=CC(=O)C=C[C@]4(C)[C@@]3(F)[C@@H](O)C[C@@]21C,0.7781513227660513
O=C1CN(/N=C/c2ccc(-c3ccc([N+](=O)[O-])cc3)o2)C(=O)N1,1.000000043429446
COc1cc2nc(N3CCN(C(=O)C4COc5ccccc5O4)CC3)nc(N)c2cc1OC,1.000000043429446
OC(CNCC(O)C1CCc2cc(F)ccc2O1)C1CCc2cc(F)ccc2O1,1.000000043429446
Nc1nc(F)nc2c1ncn2[C@@H]1O[C@H](CO)[C@@H](O)[C@@H]1O,1.0413927246395398
CC(CCc1ccc2c(c1)OCO2)NCC(O)c1ccc(O)c(C(N)=O)c1,1.0413927246395398
CC(=O)O[C@H]1C(=O)[C@@]2(C)[C@H]([C@H](OC(=O)c3ccccc3)[C@]3(O)C[C@H](OC(=O)[C@H](O)[C@@H](NC(=O)c4ccccc4)c4ccccc4)C(C)=C1C3(C)C)[C@]1(OC(C)=O)CO[C@@H]1C[C@@H]2O,1.0413927246395398
Cn1nnnc1SCC1=C(C(=O)O)N2C(=O)[C@@H](NC(=O)[C@H](O)c3ccccc3)[C@H]2SC1,-0.12493815754937677
CCOC(=O)c1ncn2c1CN(C)C(=O)c1cc(F)ccc1-2,-0.10790484052207917
CC[C@H](C)C(=O)O[C@H]1C[C@H](O)C=C2C=C[C@H](C)[C@H](CC[C@@H](O)C[C@@H](O)CC(=O)O)[C@H]21,-0.10790484052207917
Nc1n[n+]([O-])c2ccccc2[n+]1[O-],-0.10790484052207917
CCOc1ccccc1OCCN[C@H](C)Cc1ccc(OC)c(S(N)(=O)=O)c1,0.8325089765730671
Cn1c(=O)c2nc[nH]c2n(C)c1=O,0.8573325567499424
C/C=C/C[C@@H](C)[C@@H](O)[C@H]1C(=O)N[C@@H](CC)C(=O)N(C)CC(=O)N(C)[C@@H](CC(C)C)C(=O)N[C@@H](C(C)C)C(=O)N(C)[C@@H](CC(C)C)C(=O)N[C@@H](C)C(=O)N[C@H](C)C(=O)N(C)[C@@H](CC(C)C)C(=O)N(C)[C@@H](CC(C)C)C(=O)N(C)[C@@H](C(C)C)C(=O)N1C,0.8633229196128466
N#CC(CCN1CCC(C(N)=O)(N2CCCCC2)CC1)(c1ccccc1)c1ccccc1,0.9030900412787504
CCN1C[C@H]2CN(C)C[C@H](C1)C2OC(=O)c1ccc(Cl)cc1,0.934498501742923
CN1CCN(CCCN2c3ccccc3Sc3ccc(Cl)cc32)CC1,0.9542425576942646
N[C@H](C(=O)O)[C@@H]1CC(Cl)=NO1,0.9956352384656771
CN1CCN(C2=Nc3cc(Cl)ccc3Nc3ccccc32)CC1,1.000000043429446
CN(C)[C@@H]1C(O)=C(C(N)=O)C(=O)[C@@]2(O)C(O)=C3C(=O)c4c(O)ccc(Cl)c4[C@@](C)(O)[C@H]3C[C@@H]12,0.8450981020563213
CCCCCCCN(CC)CCCC(O)c1ccc(NS(C)(=O)=O)cc1,0.8450981020563213
Nc1ccc(S(=O)(=O)Nc2ncccn2)cc1,0.8450981020563213
CCCCNC(=O)NS(=O)(=O)c1ccc(C)cc1,0.8450981020563213
O=c1[nH]c2ccccc2n1CCCN1CCC(n2c(=O)[nH]c3cc(Cl)ccc32)CC1,0.875061321297627
CCCCc1ncc(/C=C(\Cc2cccs2)C(=O)O)n1Cc1ccc(C(=O)O)cc1,0.32221950154076623
CSc1ccc(C(=O)c2[nH]c(=O)[nH]c2C)cc1,4.342942647204277e-07
CN1CC[C@]23c4c5ccc(O)c4O[C@H]2C(=O)CC[C@H]3[C@H]1C5,0.3617280248412396
Sc1ncnc2nc[nH]c12,4.342942647204277e-07
CCN(CC)C(=O)/C(C#N)=C/c1cc(O)c(O)c([N+](=O)[O-])c1,0.38021142266760244
CC1(C)S[C@@H]2[C@H](NC(=O)[C@H](C(=O)O)c3ccsc3)C(=O)N2[C@H]1C(=O)O,4.342942647204277e-07
CC1=C(C(=O)O)N2C(=O)[C@@H](NC(=O)[C@H](N)c3ccc(O)cc3)[C@H]2SC1,0.04139307997121095
Cc1ccccc1OCC(O)CNCCOc1ccc(C(N)=O)cc1,0.39794018238979567
COc1ccc(Cl)cc1[C@]1(F)C(=O)Nc2cc(C(F)(F)F)ccc21,1.5682017358046836
CCN(CC)CCCC(C)Nc1ccnc2cc(Cl)ccc12,2.7558748564344113
Cn1c(=O)c2c(ncn2CC(O)CO)n(C)c1=O,0.23044917684554106
CC(C)(O/N=C(\C(=O)N[C@@H]1C(=O)N2C(C(=O)[O-])=C(C[n+]3ccccc3)CS[C@H]12)c1csc(N)n1)C(=O)O,0.25527274637795117
CCOC(=O)[C@@H]1C2CCC(C[C@@H]1OC(=O)c1ccccc1)N2C,0.17609154858523932
O=P1(N(CCCl)CCCl)NCCCO1,0.9030900412787504
CCOc1ccc(/C=C2\NCCc3cc(OCC)c(OCC)cc32)cc1OCC,0.968482995252264
CC(C)(C)[C@H](NC(=O)[C@H](CC1CCCC1)CN(O)C=O)C(=O)N1CCN(Cc2ccc3c(c2)OCO3)CC1,0.9731278998012368
Cc1cccc(C)c1OCC(C)N,0.9956352384656771
CN(C)CCCN1c2ccccc2Sc2ccc(Cl)cc21,1.0413927246395398
CCCC[C@@H]1CC(=O)[C@]2(O)O[C@@H]3[C@@H](NC)[C@@H](O)[C@@H](NC)[C@H](O)[C@H]3O[C@@H]2O1,1.0413927246395398
CO[C@H]1/C=C/O[C@@]2(C)Oc3c(C)c(O)c4c(O)c(c(/C=N/N5CCN(C)CC5)c(O)c4c3C2=O)NC(=O)/C(C)=C\C=C\[C@H](C)[C@H](O)[C@@H](C)[C@@H](O)[C@@H](C)[C@H](OC(C)=O)[C@@H]1C,0.5797837109048167
Cc1ncsc1CCCl,0.6532126102852178
Cc1cccc(Nc2ccncc2S(=O)(=O)NC(=O)NC(C)C)c1,0.7075702612537088
COc1ccc(CC2c3cc(OC)c(OC)cc3CC[N+]2(C)CCC(=O)OCCCCCOC(=O)CC[N+]2(C)CCc3cc(OC)c(OC)cc3C2Cc2ccc(OC)c(OC)c2)cc1OC,-0.5086369052180453
COc1ccc(C[C@@H]2c3cc(OC)c(OC)cc3CC[N@+]2(C)CCC(=O)OCCCCCOC(=O)CC[N@@+]2(C)CCc3cc(OC)c(OC)cc3[C@H]2Cc2ccc(OC)c(OC)c2)cc1OC,-0.37674967556884986
Cc1noc(NS(=O)(=O)c2ccc(N)cc2)c1C,0.8692317784194157
CCCCCCCCCC(=O)N[C@@H](Cc1c[nH]c2ccccc12)C(=O)N[C@@H](CC(N)=O)C(=O)N[C@@H](CC(=O)O)C(=O)N[C@@H]1C(=O)NCC(=O)N[C@@H](CCCN)C(=O)N[C@@H](CC(=O)O)C(=O)N[C@H](C)C(=O)N[C@@H](CC(=O)O)C(=O)NCC(=O)N[C@H](CO)C(=O)N[C@@H]([C@H](C)CC(=O)O)C(=O)N[C@@H](CC(=O)c2ccccc2N)C(=O)O[C@@H]1C,0.9084850724952491
S=P(N1CC1)(N1CC1)N1CC1,0.4313639250087657
CCN(CC)CCS(=O)(=O)[C@@H]1CCN2C(=O)c3coc(n3)CC(=O)C[C@H](O)/C=C(C)/C=C/CNC(=O)/C=C/[C@@H](C)[C@@H](C(C)C)OC(=O)[C@@H]12,-0.1307676933849853
O=C(O)[C@H]1/C(=C/CO)O[C@@H]2CC(=O)N21,-0.04575700801151884
COc1ccc(Cl)cc1C(=O)NCCc1ccc(S(=O)(=O)NC(=O)NC2CCCCC2)cc1,0.3424228782287441
CCCCCc1cc(O)c2c(c1)OC(C)(C)[C@@H]1CCC(C)=C[C@@H]21,1.518513953038326
CO[C@H]1C[C@@H]2CC[C@@H](C)[C@@](O)(O2)C(=O)C(=O)N2CCCC[C@H]2C(=O)O[C@H]([C@H](C)C[C@@H]2CC[C@H](n3cnnn3)[C@H](OC)C2)CC(=O)[C@H](C)/C=C(\C)[C@@H](O)[C@@H](OC)C(=O)[C@H](C)C[C@H](C)/C=C/C=C/C=C/1C,1.5440680567586893
CCC(C)(C)NCC(O)COc1ccccc1C(=O)CCc1ccccc1,0.17609154858523932
NC(=O)c1csc([C@@H]2O[C@H](CO)[C@@H](O)[C@H]2O)n1,0.7708520852513722
CCCC(C)(COC(N)=O)COC(N)=O,1.1461280666992713
COc1cccc2c1C(=O)c1c(O)c3c(c(O)c1C2=O)C[C@@](O)(C(=O)CO)C[C@@H]3O[C@H]1C[C@H](N)[C@H](O)[C@H](C)O1,1.5051499918916083
CN(C)CCCC1(c2ccc(F)cc2)OCc2cc(C#N)ccc21,1.518513953038326
Cc1cc(O)c2c(=O)c3c(O)cc(O)c4c5c(O)cc(O)c6c(=O)c7c(O)cc(C)c8c1c2c(c34)c(c78)c65,1.6232493007382451
CN(C)[C@@H]1C(O)=C(C(N)=O)C(=O)[C@@]2(O)C(O)=C3C(=O)c4c(O)ccc(Cl)c4[C@@H](O)[C@H]3C[C@@H]12,1.07918128223883
OC(CCN1CCCC1)(c1ccccc1)C1CCCCC1,1.07918128223883
CN1CCN2c3ncccc3Cc3ccccc3C2C1,1.1760912880086458
CC1CNc2c(cccc2S(=O)(=O)N[C@@H](CCCNC(=N)N)C(=O)N2CC[C@@H](C)C[C@@H]2C(=O)O)C1,-0.39793892293719
Cc1ccccc1N1C(=O)c2cc(S(N)(=O)=O)c(Cl)cc2NC1C,1.3010300173787048
CCC(=O)OCC(=O)[C@@]1(OC(=O)CC)[C@@H](C)C[C@H]2[C@@H]3CCC4=CC(=O)C=C[C@]4(C)[C@@]3(Cl)[C@@H](O)C[C@@]21C,-0.30102912707588597
Nc1ccc(S(=O)(=O)c2ccc(N)cc2)cc1,1.3424227005628642
CCCCCNC(=O)c1coc([C@H]2[C@@H](Cc3ccccc3CCC(=O)O)[C@@H]3CC[C@H]2O3)n1,1.3424227005628642
CN1C(=O)CN=C(c2ccccc2F)c2cc([N+](=O)[O-])ccc21,1.3979400260438166
CCC(C)n1ncn(-c2ccc(N3CCN(c4ccc(OCC5COC(Cn6cncn6)(c6ccc(Cl)cc6Cl)O5)cc4)CC3)cc2)c1=O,1.3979400260438166
CCC(C)CC(C)CCCCCCCCC(=O)N[C@H]1C[C@@H](O)[C@@H](NCCN)NC(=O)[C@@H]2[C@@H](O)CCN2C(=O)[C@H]([C@H](O)CCN)NC(=O)[C@H]([C@H](O)[C@@H](O)c2ccc(O)cc2)NC(=O)[C@@H]2C[C@@H](O)CN2C(=O)[C@H]([C@@H](C)O)NC1=O,1.4313637802439678
CC(C)(C)NC(=O)[C@H]1CC[C@H]2[C@@H]3CC=C4C=C(C(=O)O)CC[C@]4(C)[C@H]3CC[C@]12C,1.4313637802439678
NC[C@H]1CC[C@H](C(=O)O)CC1,0.3617280248412396
CC[C@@H](CO)NCCN[C@@H](CC)CO,0.49136183392924426
O=P1(NCCCl)OCCCN1CCCl,0.8195440013440579
Nc1ccn([C@@H]2CO[C@H](CO)O2)c(=O)n1,1.9138138576799908
CCN(CC)CCCC(C)Nc1c2ccc(Cl)cc2nc2ccc(OC)cc12,2.0791812496667457
O=P(O)(O)C(O)(Cc1cccnc1)P(=O)(O)O,2.3010299978354536
CCCCc1oc2ccccc2c1C(=O)c1cc(I)c(OCCN(CC)CC)c(I)c1,2.913813852913344
CO[C@H]1/C=C/O[C@@]2(C)Oc3c(C)c(O)c4c(c3C2=O)C2=NC3(CCN(CC(C)C)CC3)NC2=C(NC(=O)/C(C)=C\C=C\[C@H](C)[C@H](O)[C@@H](C)[C@@H](O)[C@@H](C)[C@H](OC(C)=O)[C@@H]1C)C4=O,1.5682017358046836
OC(CCN1CCCCC1)(c1ccccc1)C1CC2C=CC1C2,1.3802112598072092
NCCCNc1ccc2c(CNCCO)nn3c4c(O)ccc(O)c4c(=O)c1c23,1.5051499918916083
CCCCC1=NC2(CCCC2)C(=O)N1Cc1ccc(-c2ccccc2-c2nn[nH]n2)cc1,1.1461280666992713
CN(CCOc1ccc(CC2SC(=O)NC2=O)cc1)c1ccccn1,0.5910647183840444
N=C(N)NC(=O)Cc1c(Cl)cccc1Cl,1.1760912880086458
Nc1nc(Cl)nc2c1ncn2[C@H]1C[C@H](O)[C@@H](CO)O1,1.204120009799329
C/C(=C\c1csc(C)n1)[C@@H]1C[C@@H]2O[C@]2(C)CCC[C@H](C)[C@H](O)[C@@H](C)C(=O)C(C)(C)[C@@H](O)CC(=O)N1,1.2304489469250075
CN1CCCC(n2nc(Cc3ccc(Cl)cc3)c3ccccc3c2=O)CC1,1.3424227005628642
N=C(N)c1ccc(OCCCCCOc2ccc(C(=N)N)cc2)cc1,1.3979400260438166
CC(=O)CCCCn1c(=O)c2c(ncn2C)n(C)c1=O,0.07918160795954224
CN1CC[C@H](c2c(O)cc(O)c3c(=O)cc(-c4ccccc4Cl)oc23)[C@H](O)C1,0.7160034271529607
CCCCCN(CCCOC)C(=O)C(CCC(=O)O)NC(=O)c1ccc(Cl)c(Cl)c1,0.7160034271529607
CC1(C)C[C@@H]1C(=O)N/C(=C\CCCCSC[C@H](N)C(=O)O)C(=O)O,-0.06550104376314225
CC(C)(C)NC[C@H](O)COc1nsnc1N1CCOCC1,0.3424228782287441
COc1ccc(C(CN(C)C)C2(O)CCCCC2)cc1,0.6989700911949065
Oc1ccc2c3c1O[C@H]1[C@@H](O)CC[C@@]4(O)[C@@H](C2)N(CC2CCC2)CC[C@]314,0.5682018414438661
O=C1CCC(N2C(=O)c3ccccc3C2=O)C(=O)N1,0.6720979503387889
CC(=O)O[C@H]1C[C@@H]2CC[C@@H]3[C@H](CC[C@@]4(C)[C@H]3C[C@H]([N+]3(C)CCCCC3)[C@@H]4OC(C)=O)[C@@]2(C)C[C@@H]1[N+]1(C)CCCCC1,0.2787538295288119
Cn1c(=O)c2c(ncn2C)n(C)c1=O,0.6901961686600315
NC(=O)CN1CC(O)CC1=O,0.875061321297627
C[C@H]1COc2c(N3CCN(C)CC3)c(F)cc3c(=O)c(C(=O)O)cn1c23,0.9444827215018115
C[C@@H]1CC2=CC(=O)CC[C@]2(C)[C@H]2CC[C@@]3(C)[C@@H](CC[C@@H]3O)[C@]12C,-0.18708597521230158
COc1cc(NC(C)CCCN)c2ncccc2c1,0.8512584098873078
CC(C)(C)NCC(O)COc1cccc2c1C[C@H](O)[C@H](O)C2,0.9637878745514746
CC[C@H](C)C(=O)O[C@H]1C[C@@H](C)C=C2C=C[C@H](C)[C@H](CC[C@@H]3C[C@@H](O)CC(=O)O3)[C@H]21,0.1461283458884714
C[C@@](O)(/C=C/[C@@H]1CC=CC(=O)O1)[C@@H](C[C@@H](O)/C=C\C=C/C=C/CO)OP(=O)(O)O,0.17609154858523932
CNC(=C[N+](=O)[O-])NCCSCc1csc(CN(C)C)n1,0.17609154858523932
NC(=O)OC[C@@H]1[C@H](NC(=O)/C(=N\OCC(=O)O)c2csc(N)n2)C(=O)N1S(=O)(=O)O,0.20412025408989115
CC1(C)S[C@@H]2[C@H](NC(=O)C(C(=O)O)c3ccccc3)C(=O)N2[C@H]1C(=O)O,0.04139307997121095
CCN(C(C)=O)c1cccc(-c2ccnc3c(C#N)cnn23)c1,0.04139307997121095
CC(C)[C@@H](CC[C@@H](C)[C@H]1CC[C@H]2[C@@H]3[C@H](O)C[C@H]4C[C@@H](NCCCNCCCCN)CC[C@]4(C)[C@H]3CC[C@]12C)OS(=O)(=O)O,0.9777236510040539
COc1cc(Cc2cnc(N)nc2N)cc(OC)c1OC,0.9822712782785745
C/C=C/C[C@@H](C)C(=O)[C@H]1C(=O)N[C@@H](C(C)C)C(=O)N(C)CC(=O)N(C)[C@@H](CC(C)C)C(=O)N[C@@H](C(C)C)C(=O)N(C)[C@@H](CC(C)C)C(=O)N[C@@H](C)C(=O)N[C@H](C)C(=O)N(C)[C@@H](CC(C)C)C(=O)N(C)[C@@H](CC(C)C)C(=O)N(C)[C@@H](C(C)C)C(=O)N1C,1.000000043429446
CC(=O)O[C@@]12CO[C@@H]1C[C@H](O)[C@@]1(C)C(=O)[C@H](O)C3=C(C)[C@@H](OC(=O)[C@H](O)[C@@H](NC(=O)OC(C)(C)C)c4ccccc4)C[C@@](O)([C@@H](OC(=O)c4ccccc4)[C@H]21)C3(C)C,1.0413927246395398
CCCCCNC(=N)N/N=C/c1c[nH]c2ccc(OC)cc12,1.0413927246395398
Cc1cc(=O)n(-c2ccccc2)n1C,1.07918128223883
O=C(NCC1CCCCN1)c1cc(OCC(F)(F)F)ccc1OCC(F)(F)F,1.07918128223883
O=C(CCCCCCC(=O)Nc1ccccc1)NO,-0.11918583627947682
CO[C@@]1(NC(=O)CSCC#N)C(=O)N2C(C(=O)O)=C(CSc3nnnn3C)CS[C@@H]21,0.17609154858523932
CC(=N)N1CC[C@H](SC2=C(C(=O)O)N3C(=O)[C@H]([C@@H](C)O)[C@H]3C2)C1,-0.017728314570581893
C#CCN(C)[C@H](C)Cc1ccccc1,0.11394368637938665
COC(=O)C(c1ccccc1)C1CCCCN1,0.6812413278535948
COc1cc(CC(=O)NCC(=O)N(CCC(=O)O)Cc2ccc(CO)c(CO)c2)ccc1NC(=O)Nc1ccccc1C,0.20412025408989115
CN(Cc1cnc2nc(N)nc(N)c2n1)c1ccc(C(=O)N[C@@H](CCC(=O)O)C(=O)O)cc1,0.5910647183840444
COc1cc2c(cc1O)CCN[C@]21CS[C@@H]2c3c(OC(C)=O)c(C)c4c(c3[C@H](COC1=O)N1[C@@H]2[C@H]2c3c(cc(C)c(OC)c3O)C[C@@H]([C@@H]1O)N2C)OCO4,1.6434526863565164
O=C1CN=C(c2ccccc2)c2cc(Cl)ccc2N1,1.6627578411227584
COc1ccc2c(c1)N(C[C@H](C)CN(C)C)c1ccccc1S2,1.4771212691961448
CN(C)c1cc(NC(=O)CNC(C)(C)C)c(O)c2c1C[C@H]1C[C@H]3[C@H](N(C)C)C(O)=C(C(N)=O)C(=O)[C@@]3(O)C(O)=C1C2=O,1.6812412464233888
Cc1ccc(C(=O)Nc2ccc(S(=O)(=O)O)c3cc(S(=O)(=O)O)cc(S(=O)(=O)O)c23)cc1NC(=O)c1cccc(NC(=O)Nc2cccc(C(=O)Nc3cc(C(=O)Nc4ccc(S(=O)(=O)O)c5cc(S(=O)(=O)O)cc(S(=O)(=O)O)c45)ccc3C)c2)c1,3.079181246409537
CCCC(CCC)C(=O)O,1.07918128223883
C[C@@H]1O[C@@H](O[C@@H]2[C@H](C)O[C@@H](O[C@H]3C[C@](O)(C(=O)CO)Cc4c(O)c5c(c(O)c43)C(=O)c3ccccc3C5=O)C[C@@H]2O)C[C@H](N)[C@@H]1O,1.3222193154146085
CC(NCCc1ccc(O)cc1)C(O)c1ccc(O)cc1,0.4149735150071251
OC(Cn1cncn1)(Cn1cncn1)c1ccc(F)cc1F,1.4771212691961448
COC(=O)O[C@@]12CO[C@@H]1C[C@H](O)[C@@]1(C)C(=O)[C@H](OC(C)=O)C3=C(C)[C@@H](OC(=O)[C@H](O)[C@@H](NC(=O)c4ccccc4)c4ccccc4)C[C@@](O)([C@@H](OC(=O)c4ccccc4)[C@H]21)C3(C)C,1.491361707843772
C=CC1=C(C(=O)O)N2C(=O)[C@@H](NC(=O)/C(=N\OCC(=O)O)c3csc(N)n3)[C@H]2SC1,0.5051501140369103
CCN[C@@H]1C[C@H](N)[C@@H](O[C@H]2OC(CN)=CC[C@H]2N)[C@H](O)[C@H]1O[C@H]1OC[C@](C)(O)[C@H](NC)[C@H]1O,0.5051501140369103
CS(=O)(=O)OCCCCOS(C)(=O)=O,0.5314790447759075
C=C[C@@]1(O)C[N+]2(C)CC[C@H]1C[C@@H]2[C@@H](O)c1ccnc2ccc(OC)cc12,0.8260748675208935
C#C[C@]1(O)CC[C@H]2[C@@H]3CCc4cc(OS(=O)(=O)O)ccc4[C@H]3CC[C@@]21C,0.9242793377636026
CN(C)CCOC(c1ccccc1)c1ccccc1,0.968482995252264
C#C[C@]1(OS(=O)(=O)O)CC[C@H]2[C@@H]3CCc4cc(O)ccc4[C@H]3CC[C@@]21C,0.968482995252264
O=C(O)c1cc(-c2ccc(F)cc2F)ccc1O,1.000000043429446
Cc1ccsc1C(=CCCN1CCC[C@@H](C(=O)O)C1)c1sccc1C,1.000000043429446
COC(=O)C1=C(C)NC(C)=C(C(=O)OCC(C)C)C1c1ccccc1[N+](=O)[O-],1.0413927246395398
C=C[C@H]1CN2CC[C@H]1C[C@H]2[C@H](O)c1ccnc2ccc(OC)cc12,1.0413927246395398
C/C=C1\NC(=O)[C@H]2CSSCC/C=C/[C@H](CC(=O)N[C@H](C(C)C)C(=O)N2)OC(=O)[C@H](C(C)C)NC1=O,1.0413927246395398
O=P(O)(O)C(O)(Cn1ccnc1)P(=O)(O)O,1.0413927246395398
NC[C@@H]1CC[C@@H](N)[C@@H](O[C@H]2[C@H](O)[C@@H](O[C@H]3O[C@H](CO)[C@@H](O)[C@H](N)[C@H]3O)[C@H](N)C[C@@H]2N)O1,0.38021142266760244
Clc1ccc2nsnc2c1NC1=NCCN1,0.38021142266760244
CC1(C)S[C@@H]2[C@H](NC(=O)COc3ccccc3)C(=O)N2[C@H]1C(=O)O,-0.07572019692118573
CO/N=C(\C(=O)N[C@@H]1C(=O)N2C(C(=O)O)=C(C)CS[C@H]12)c1csc(N)n1,0.32221950154076623
Cc1cc(-n2cccc2)c(S(C)(=O)=O)cc1C(=O)N=C(N)N,0.3424228782287441
CN(C)CCc1c[nH]c2ccc(Cn3cncn3)cc12,0.3424228782287441
COc1ccc2cc1Oc1cc3c(cc1OC)CC[N+](C)(C)[C@H]3Cc1ccc(cc1)Oc1c(OC)c(OC)cc3c1[C@@H](C2)[N+](C)(C)CC3,0.7075702612537088
C[C@H]1O[C@@H](O[C@H]2[C@@H](O)C[C@H](O[C@H]3[C@@H](O)C[C@H](O[C@H]4CC[C@@]5(C)[C@H](CC[C@@H]6[C@@H]5C[C@@H](O)[C@]5(C)[C@@H](C7=CC(=O)OC7)CC[C@]65O)C4)O[C@@H]3C)O[C@@H]2C)C[C@H](O)[C@@H]1O,1.579783608045612
CN1CCN(CCCCN2C(=O)CN(/N=C/c3ccc(-c4ccc(Cl)cc4)o3)C2=O)CC1,1.89762709678784
Cc1cn([C@H]2C=C[C@@H](CO)O2)c(=O)[nH]c1=O,0.1461283458884714
C[C@H]1C[C@H]2[C@@H]3CCC4=CC(=O)C=C[C@]4(C)[C@@]3(F)[C@@H](O)C[C@]2(C)[C@@]1(O)C(=O)CO,0.7481881045587795
CN(C)C(=N)NC(=N)N,0.23044917684554106
O=C1c2cccc3c2[C@H](CCC3)CN1[C@@H]1CN2CCC1CC2,1.591064618162255
CN1CCOC(c2ccccc2)c2ccccc2C1,0.6989700911949065
O=C(O)Cc1ccccc1Nc1c(Cl)cccc1Cl,0.1461283458884714
CS(=O)(=O)N(CCO)c1c(Cl)c(Cl)cc2[nH]c(=O)c(=O)[nH]c12,0.1461283458884714
Cc1cccc(N2CC(CO)OC2=O)c1,0.20412025408989115
CO/N=C(\C(=O)N[C@@H]1C(=O)N2C(C(=O)[O-])=C(C[n+]3cccc4c3CCC4)CS[C@H]12)c1csc(N)n1,0.23044917684554106
CO/N=C(\C(=O)N[C@@H]1C(=O)N2C(C(=O)[O-])=C(C[N+]3(C)CCCC3)CS[C@H]12)c1csc(N)n1,0.2787538295288119
O=[N+]([O-])O[C@@H]1CO[C@H]2[C@@H]1OC[C@@H]2O,0.2787538295288119
Nc1cc(-c2ccncc2)c[nH]c1=O,0.3010302128111679
CCCCS(=O)(=O)N[C@@H](Cc1ccc(OCCCCC2CCNCC2)cc1)C(=O)O,0.20412025408989115
COc1ccnc(C[S+]([O-])c2nc3cc(OC(F)F)ccc3[nH]2)c1OC,0.2787538295288119
CN1CC[C@]23c4c5ccc(O)c4O[C@H]2[C@@H](O[C@@H]2O[C@H](C(=O)O)[C@@H](O)[C@H](O)[C@H]2O)C=C[C@H]3[C@H]1C5,0.1461283458884714
NC[C@H]1O[C@H](O[C@H]2[C@H](O[C@@H]3O[C@H](CO)[C@@H](O)[C@H]3O)[C@@H](O)[C@H](N)C[C@@H]2N)[C@H](N)[C@@H](O)[C@@H]1O,0.39794018238979567
O=C1CN=C(c2ccccc2Cl)c2cc([N+](=O)[O-])ccc2N1,1.579783608045612
C[C@@H](CN1CC(=O)NC(=O)C1)N1CC(=O)NC(=O)C1,0.39794018238979567
NCCCC[C@H](NC(=O)[C@@H](Cc1cc(Br)c(O)c(Br)c1)NC(=O)N1CCC(N2Cc3ccccc3NC2=O)CC1)C(=O)N1CCN(c2ccncc2)CC1,0.39794018238979567
C=CC[N+]12CC[C@@]34c5ccccc5N5/C=C6/[C@H]7C[C@H]8[C@@]9(CC[N@@+]8(CC=C)C/C7=C/CO)c7ccccc7N(/C=C(/[C@@H](C[C@@H]31)/C(=C\CO)C2)[C@H]54)[C@@H]69,0.5563026214046267
C[C@@H]([C@@H](O)c1ccc(O)cc1)N1CCC(O)(c2ccccc2)CC1,0.5682018414438661
CO/N=C(\C(=O)N[C@@H]1C(=O)N2C(C(=O)O)=C(CSc3nc(C)c(CC(=O)O)s3)CS[C@H]12)c1csc(N)n1,0.6232493938013363
c1ccc2c(c1)OCC(C1=NCCN1)O2,0.6232493938013363
CCOC(=O)[C@]1(c2ccccc2)CCC=C[C@H]1NC,0.6434527751894676
O=C(O)Cn1c(=O)c(=O)[nH]c2cc([N+](=O)[O-])c(-n3ccnc3)cc21,-0.10790484052207917
CO[C@@]1(NC(=O)Cc2cccs2)C(=O)N2C(C(=O)O)=C(COC(N)=O)CS[C@@H]21,-0.09151444495565413
Cc1onc(-c2c(Cl)cccc2Cl)c1C(=O)N[C@@H]1C(=O)N2[C@@H]1SC(C)(C)[C@@H]2C(=O)O,-0.055516834333655056
CN(C)/N=N/c1ccc(C(=O)O)cc1,0.39794018238979567
NS(=O)(=O)c1cc(C(=O)O)c(NCc2ccco2)cc1Cl,0.39794018238979567
NNC(=O)c1ccncc1,4.342942647204277e-07
CC1(C)S[C@@H]2[C@H](NC(=O)[C@H](N)c3ccc(O)cc3)C(=O)N2[C@H]1C(=O)O,0.04139307997121095
COc1cc(OC)c(C(=O)CCCN2CCCC2)c(OC)c1,0.518514071482256
Nc1nc(/C(=N/O)C(=O)N[C@@H]2C(=O)N3C(C(=O)O)=C(/C=C4\CCN([C@@H]5CCNC5)C4=O)CS[C@H]23)ns1,0.518514071482256
CC1(C)S[C@@H]2[C@H](NC(=O)[C@H](NC(=O)N3CCNC3=O)c3ccccc3)C(=O)N2[C@H]1C(=O)O,0.07918160795954224
C[C@@H](O)[C@H]1C(=O)N2C(C(=O)[O-])=C(SC3Cn4cnc[n+]4C3)[C@H](C)[C@H]12,0.04139307997121095
C[C@H](CCc1ccccc1)NC[C@H](O)c1ccc(O)c(C(N)=O)c1,0.518514071482256
CC[C@H]1OC(=O)[C@H](C)[C@@H](O[C@H]2C[C@@](C)(OC)[C@@H](O)[C@H](C)O2)[C@H](C)[C@@H](O[C@@H]2O[C@H](C)C[C@H](N(C)C)[C@H]2O)[C@](C)(OC)C[C@@H](C)C(=O)[C@H](C)[C@@H](O)[C@]1(C)O,0.4471581864473636
CC(=O)[C@H]1CC[C@H]2[C@@H]3CC[C@@H]4C[C@H](O)CC[C@]4(C)[C@H]3CC[C@]12C,0.6720979503387889
COc1cc([C@@H]2c3cc4c(cc3[C@@H](O[C@@H]3O[C@@H]5CO[C@@H](C)O[C@H]5[C@H](O)[C@H]3O)[C@H]3COC(=O)[C@H]23)OCO4)cc(OC)c1O,0.7558749318644991
CCOC(=O)c1cncn1[C@H](C)c1ccccc1,0.5440681684343955
C[C@H]1C[C@@H]2[C@H]([C@@H](O)C[C@@]3(C)[C@H]2CC[C@]3(O)C(=O)CO)[C@@]2(C)C=CC(=O)C=C12,0.3617280248412396
COCC(=O)Nc1c(I)c(C(=O)NCC(O)CO)c(I)c(C(=O)N(C)CC(O)CO)c1I,0.4149735150071251
CC(C)(C)[C@]1(O)CC2OC(=O)CC23C(=O)OC2OC(=O)[C@H](O)C231,0.5051501140369103
CC(=O)N[C@@H](CS)C(=O)O,0.7403627684568698
CCN1CCC[C@H]1CNC(=O)c1c(OC)ccc(Br)c1OC,0.7403627684568698
COc1cccc(C2(O)CCCCC2CN(C)C)c1,0.7634280684412897
Cc1ccc(-c2nc3ccc(C)cn3c2CC(=O)N(C)C)cc1,0.23044917684554106
CC(=O)Nc1c(I)c(NC(C)=O)c(I)c(C(=O)O)c1I,0.25527274637795117
CN1CC[C@]23c4c5ccc(O)c4O[C@H]2[C@@H](O)C=C[C@H]3[C@H]1C5,0.3010302128111679
CCC(=O)C1(c2cccc(O)c2)CCN(C)CC1,0.3617280248412396
CC(C)(C)NCC(O)c1ccc(O)c(CO)c1,0.38021142266760244
COc1cc2c(c(OC)c1OC)-c1ccc(OC)c(=O)cc1[C@@H](NC(C)=O)CC2,1.763428001050773
CN1C(C(=O)Nc2ccccn2)=C(O)c2sccc2S1(=O)=O,1.8260748091828336
COc1ccc2c3c1O[C@H]1[C@@H](O)C=C[C@H]4[C@@H](C2)N(C)CC[C@@]341,0.6020600999015693
Cc1cn([C@H]2C[C@H](N=[N+]=[N-])[C@@H](CO)O2)c(=O)[nH]c1=O,0.11394368637938665
C[C@]12CCC(=O)C=C1CC[C@@H]1[C@@H]2[C@@H](O)C[C@@]2(C)[C@H]1CC[C@]2(O)C(=O)CO,0.20412025408989115
CCCC(=O)N1CCCN(c2nc(N)c3cc(OC)c(OC)cc3n2)CC1,0.3010302128111679
CCOC(=O)C1(c2ccccc2)CCN(C)CC1,0.897627146264423
Nc1ccn([C@H]2CC[C@@H](CO)O2)c(=O)n1,0.07918160795954224
Cc1[nH]c(=O)c(C#N)cc1-c1ccncc1,-0.09690947014029329
C[C@@H](O)[C@H]1C(=O)N2C(C(=O)O)=C(SCCOC(N)=O)S[C@H]12,-0.09690947014029329
CCCc1cc(=O)[nH]c(=S)[nH]1,0.11394368637938665
O=C(NC1CCN(CCc2c[nH]c3ccccc23)CC1)c1ccccc1,0.6334685565782915
COc1cc2nc(N(C)CCCNC(=O)C3CCCO3)nc(N)c2cc1OC,0.6812413278535948
OCCN1CCN(CCCN2c3ccccc3Sc3ccc(Cl)cc32)CC1,0.9731278998012368
CN(C)CCCN1c2ccccc2Sc2ccccc21,0.897627146264423
CN1CCC[C@H]1c1cccnc1,0.3010302128111679
CCc1c2c(nc3ccc(OC(=O)N4CCC(N5CCCCC5)CC4)cc13)-c1cc3c(c(=O)n1C2)COC(=O)[C@]3(O)CC,0.9542425576942646
CCS(=O)(=O)CCn1c([N+](=O)[O-])cnc1C,1.1139433857141032
O=C1NCC2(CCN(CCc3ccccc3)CC2)O1,1.1461280666992713
Cc1cnc(NC(=O)C2=C(O)c3ccccc3S(=O)(=O)N2C)s1,1.2552725292307767
O=C1CN=C(c2ccccn2)c2cc(Br)ccc2N1,1.3222193154146085
Cc1ccc(NC(=O)c2ccc(CN3CCN(C)CC3)cc2)cc1Nc1nccc(-c2cccnc2)n1,1.3424227005628642
CC(CN(C)C)CN1c2ccccc2CCc2ccccc21,1.3617278548999612
CN(C)CCCN1c2ccccc2CCc2ccc(Cl)cc21,1.4149733646744516
Cc1ccc(-c2ncc(Cl)cc2-c2ccc(S(C)(=O)=O)cc2)cn1,1.4149733646744516
CCO[C@@H](Cc1ccc(OCCc2ccc(OS(C)(=O)=O)cc2)cc1)C(=O)O,1.653212523426332
CC(C)(C)NC(=O)[C@@H]1C[C@@H]2CCCC[C@@H]2CN1C[C@@H](O)[C@H](Cc1ccccc1)NC(=O)[C@H](CC(N)=O)NC(=O)c1ccc2ccccc2n1,1.1139433857141032
CO[C@H]1C[C@@H]2CC[C@@H](C)[C@@](O)(O2)C(=O)C(=O)N2CCCC[C@H]2C(=O)O[C@H]([C@H](C)C[C@@H]2CC[C@@H](OC(=O)C(C)(CO)CO)[C@H](OC)C2)CC(=O)[C@H](C)/C=C(\C)[C@@H](O)[C@@H](OC)C(=O)[C@H](C)C[C@H](C)/C=C/C=C/C=C/1C,1.2552725292307767
CC(CC(c1ccccc1)c1ccccc1)NC(C)(C)C,1.748188034761459
CCC1CN2CCC1CC2[C@@H](O)c1ccnc2ccc(OC)cc12,0.7558749318644991
Cc1onc(-c2c(F)cccc2Cl)c1C(=O)N[C@@H]1C(=O)N2[C@@H]1SC(C)(C)[C@@H]2C(=O)O,0.1461283458884714
COCc1c(C(C)C)nc(C(C)C)c(/C=C/[C@@H](O)C[C@@H](O)CC(=O)O)c1-c1ccc(F)cc1,0.25527274637795117
NC(=O)NO,0.5314790447759075
CC(C)(C)NCC(O)COc1ccc(NC(=O)NC2CCCCC2)cc1,1.0413927246395398
Cc1nnc2n1-c1ccc(Cl)cc1C(c1ccccc1)=NC2,1.07918128223883
O=C(c1ccc(F)cc1)C1CCN(CCn2c(=O)[nH]c3ccccc3c2=O)CC1,1.07918128223883
CN1CCc2cccc3c2[C@H]1Cc1ccc(O)c(O)c1-3,-0.1674904486258775
CC1(C)S[C@@H]2[C@H](NC(=O)Cc3ccccc3)C(=O)N2[C@H]1C(=O)O,-0.1549013395654979
C[C@@H](O)[C@H]1C(=O)N2C(C(=O)O)=C(S[C@H]3C[C@@H](C(=O)N4CC[C@H](NC(=O)CNC(=N)N)C4)N(C)C3)[C@H](C)[C@H]12,0.23044917684554106
CCN1CCN(C(=O)N[C@@H](C(=O)N[C@@H]2C(=O)N3C(C(=O)O)=C(CSc4nnnn4C)CS[C@H]23)c2ccc(O)cc2)C(=O)C1=O,0.25527274637795117
COc1ccc(-c2nc3cc(C4=NNC(=O)CC4C)ccc3[nH]2)cc1,0.25527274637795117
CC1=C(C(=O)O)N2C(=O)[C@@H](NC(=O)[C@H](N)c3ccccc3)[C@H]2SC1,-0.24412438240803325
CC#CCC(C)[C@H](O)/C=C/[C@@H]1[C@H]2C/C(=C/CCCC(=O)O)C[C@H]2C[C@H]1O,-0.24412438240803325
C[C@@H](O)[C@H]1C(=O)N2C(C(=O)O)=C(SCCNC=N)C[C@H]12,-0.022275937559306635
CN[C@@H]1[C@@H](O)[C@@H](O[C@@H]2[C@@H](O)[C@H](O[C@H]3OC(CN)=CC[C@H]3N)[C@@H](N)C[C@H]2N)OC[C@]1(C)O,0.38021142266760244
Nc1ccn(C[C@@H](CO)OCP(=O)(O)O)c(=O)n1,0.4149735150071251
CCCCCOc1ccc(-c2ccc(-c3ccc(C(=O)N[C@H]4C[C@@H](O)[C@@H](O)NC(=O)[C@@H]5[C@@H](O)[C@@H](C)CN5C(=O)[C@H]([C@@H](C)O)NC(=O)[C@H]([C@H](O)[C@@H](O)c5ccc(O)cc5)NC(=O)[C@@H]5C[C@@H](O)CN5C(=O)[C@H]([C@@H](C)O)NC4=O)cc3)cc2)cc1,1.6020600021853242
O=C1C(O)=C([C@H]2CC[C@H](c3ccc(Cl)cc3)CC2)C(=O)c2ccccc21,1.7993405563471447
NCc1ccccc1CC(=O)N[C@@H]1C(=O)N2C(C(=O)O)=C(CSc3nnnn3CC(=O)O)CS[C@H]12,0.47712139948446564
N=C(N)NCCC[C@H](NC(=O)[C@@H]1CCCN1C(=O)[C@@H]1CSSCCC(=O)N[C@@H](Cc2ccc(O)cc2)C(=O)N[C@@H](Cc2ccccc2)C(=O)N[C@@H](CCC(N)=O)C(=O)N[C@@H](CC(N)=O)C(=O)N1)C(=O)NCC(N)=O,0.47712139948446564
O=C1Cc2cc(CCN3CCN(c4nsc5ccccc45)CC3)c(Cl)cc2N1,0.49136183392924426
CN1Cc2c(N)cccc2C(c2ccccc2)C1,0.812913423457386
CNS(=O)(=O)CCc1ccc2[nH]cc(C3CCN(C)CC3)c2c1,0.8195440013440579
C=C[C@H]1CN2CC[C@H]1C[C@@H]2[C@@H](O)c1ccnc2ccc(OC)cc12,0.8195440013440579
CC[C@@]1(O)C(=O)OCc2c1cc1n(c2=O)Cc2cc3c(N)cccc3nc2-1,0.8450981020563213
NCC[C@H](O)C(=O)N[C@@H]1C[C@H](N)[C@@H](O[C@H]2O[C@H](CN)[C@@H](O)[C@H](O)[C@H]2O)[C@H](O)[C@H]1O[C@H]1O[C@H](CO)[C@@H](O)[C@H](N)[C@H]1O,0.38021142266760244
Cn1cc[nH]c1=S,0.38021142266760244
CC(=O)Nc1ccc(O)cc1,0.39794018238979567
N[C@@H]1[C@H]2CN(c3nc4c(cc3F)c(=O)c(C(=O)O)cn4-c3ccc(F)cc3F)C[C@@H]12,1.0413927246395398
CC(C)NCC(O)COc1cccc2[nH]ccc12,0.3424228782287441
CNC1=Nc2ccc(Cl)cc2C(c2ccccc2)=[N+]([O-])C1,0.9190781447007071
Cc1cc(NS(=O)(=O)c2ccc(N)cc2)no1,0.991226120008256
CC(C)NCC(O)COc1ccc(COCCOC(C)C)cc1,1.000000043429446
C#C[C@]1(O)C=C[C@H]2[C@@H]3CCC4=CC(=O)CC[C@@H]4[C@H]3CC[C@@]21CC,1.000000043429446
COc1ccccc1N1CCN(CCCNc2cc(=O)n(C)c(=O)n2C)CC1,0.5440681684343955
CN(C)CCc1c[nH]c2ccc(C[C@H]3COC(=O)N3)cc12,0.5563026214046267
C[C@@H](O)[C@H]1C(=O)N2C(C(=O)O)=C(S[C@@H]3CN[C@H](C(=O)Nc4cccc(C(=O)O)c4)C3)[C@H](C)[C@H]12,0.5797837109048167
COc1cc(NS(C)(=O)=O)ccc1Nc1c2ccccc2nc2ccccc12,0.6720979503387889
Cc1ccc(O)c([C@H](CCN(C(C)C)C(C)C)c2ccccc2)c1,0.38021142266760244
C[N+]1(CC2CC2)CC[C@]23c4c5ccc(O)c4O[C@H]2C(=O)CC[C@@]3(O)[C@H]1C5,0.39794018238979567
C[C@]12C=CC(=O)C=C1CC[C@@H]1[C@@H]2[C@@H](O)C[C@@]2(C)[C@H]1CC[C@]2(O)C(=O)CO,0.5314790447759075
CC(C(=O)O)c1ccc(C(=O)c2cccs2)cc1,0.32221950154076623
CCCCC(=O)N(Cc1ccc(-c2ccccc2-c2nnn[nH]2)cc1)[C@H](C(=O)O)C(C)C,0.9777236510040539
COc1ccc(C(=O)Nc2ccccc2CCC2CCCCN2C)cc1,0.4149735150071251
COC(=O)C1=C(C)NC(C)=C(C(=O)OC(C)C)C1c1cccc2nonc12,0.518514071482256
N[C@@H](Cc1ccc(O)c(O)c1)C(=O)O,0.11394368637938665
COc1ccc([C@@H]2Sc3ccccc3N(CCN(C)C)C(=O)[C@@H]2OC(C)=O)cc1,0.7481881045587795
C[C@H](Cn1cnc2c(N)ncnc21)OCP(=O)(O)O,0.7634280684412897
COc1cc2nc(N3CCN(C(=O)c4ccco4)CC3)nc(N)c2cc1OC,0.3010302128111679
CCOC(=O)C1=C(COCCN)NC(C)=C(C(=O)OC)C1c1ccccc1Cl,1.531478929815622
CC[C@]1(O)C[C@@H]2CN(CCc3c([nH]c4ccccc34)[C@@](C(=O)OC)(c3cc4c(cc3OC)N(C)[C@H]3[C@@](O)(C(N)=O)[C@H](O)[C@]5(CC)C=CCN6CC[C@]43[C@@H]65)C2)C1,1.5440680567586893
C[C@@H]1C[C@H]2[C@@H]3CCC4=CC(=O)C=C[C@]4(C)[C@@]3(F)[C@@H](O)C[C@]2(C)[C@@]1(O)C(=O)CO,0.5682018414438661
CN1[C@@H]2C[C@@H](OC(=O)[C@H](CO)c3ccccc3)C[C@H]1[C@@H]1O[C@H]12,0.6532126102852178
CC(=O)Nc1c(I)c(C(=O)O)c(I)c(N(C)C(C)=O)c1I,0.11394368637938665
COc1cc(CC2c3c(cc(OC)c(OC)c3OC)CC[N+]2(C)CCCOC(=O)CCC(=O)OCCC[N+]2(C)CCc3cc(OC)c(OC)c(OC)c3C2Cc2cc(OC)c(OC)c(OC)c2)cc(OC)c1OC,0.23044917684554106
CN[C@@H]1[C@H](O[C@H]2[C@H](O[C@H]3[C@H](O)[C@@H](O)[C@H](N=C(N)N)[C@@H](O)[C@@H]3N=C(N)N)O[C@@H](C)[C@]2(O)C=O)O[C@@H](CO)[C@H](O)[C@H]1O,0.6334685565782915
CC(CCc1ccccc1)NCC(O)c1ccc(O)c(C(N)=O)c1,0.6434527751894676
NCCCCCC(=O)O,0.6901961686600315
CO/N=C(\C(=O)N[C@@H]1C(=O)N2C(C(=O)O)=CCS[C@H]12)c1csc(N)n1,0.17609154858523932
COC(=O)CCc1ccc(OCC(O)CNC(C)C)cc1,-0.8239058456574236
CN(C)C(=O)Oc1ccc[n+](C)c1,0.17609154858523932
CN(C)CCC=C1c2ccccc2CCc2ccccc21,1.2304489469250075
CC(C)C[C@H](NC(=O)[C@H](Cc1ccccc1)NC(=O)c1cnccn1)B(O)O,1.2552725292307767
CN[C@@H]1CCc2[nH]c3ccc(C(N)=O)cc3c2C1,1.3802112598072092
C[C@H]1[C@H](OC(=O)CCC(=O)O)O[C@@H]2O[C@@]3(C)CC[C@H]4[C@H](C)CC[C@@H]1[C@@]24OO3,-0.6575753451164534
CNC(=O)c1c(I)c(NC(C)=O)c(I)c(C(=O)O)c1I,0.11394368637938665
COc1cc([C@@H]2c3cc4c(cc3[C@@H](O[C@@H]3O[C@@H]5CO[C@@H](c6cccs6)O[C@H]5[C@H](O)[C@H]3O)[C@H]3COC(=O)[C@H]23)OCO4)cc(OC)c1O,1.204120009799329
CCCc1nc2c(C)cc(-c3nc4ccccc4n3C)cc2n1Cc1ccc(-c2ccccc2C(=O)O)cc1,1.3010300173787048
CCC[C@H](N[C@@H](C)C(=O)N1[C@H](C(=O)O)C[C@@H]2CCCC[C@@H]21)C(=O)O,1.4623980128746277
CNCCC=C1c2ccccc2CCc2ccccc21,1.4771212691961448
CN[C@@H](C)Cc1ccccc1,1.07918128223883
CCCCCN(C)CCC(O)(P(=O)(O)O)P(=O)(O)O,1.1461280666992713
CCC(=O)N(c1ccccc1)C1(COC)CCN(CCc2cccs2)CC1,1.1461280666992713
CN(C)CCC=C1c2ccccc2COc2ccccc21,1.1760912880086458
CC1(C)C(/C=C/C=C/C=C/C=C2\N(CCCCS(=O)(=O)O)c3ccc4ccccc4c3C2(C)C)=[N+](CCCCS(=O)(=O)[O-])c2ccc3ccccc3c21,-1.187079961954972
N#Cc1ccc(C(c2ccc(C#N)cc2)n2cncn2)cc1,1.653212523426332
NC(=O)c1ncn([C@@H]2O[C@H](CO)[C@@H](O)[C@H]2O)n1,1.653212523426332
CCCNC(=O)NS(=O)(=O)c1ccc(Cl)cc1,1.6627578411227584
CCCCC/C=C\CCC(=O)N[C@H]1[C@H](Oc2c3cc4cc2Oc2ccc(cc2Cl)[C@@H](O[C@@H]2O[C@H](CO)[C@@H](O)[C@H](O)[C@H]2NC(C)=O)[C@@H]2NC(=O)[C@H](NC(=O)[C@@H]4NC(=O)[C@H]4NC(=O)[C@@H](Cc5ccc(c(Cl)c5)O3)NC(=O)[C@@H](N)c3ccc(O)c(c3)Oc3cc(O)cc4c3)c3ccc(O)c(c3)-c3c(O[C@H]4O[C@H](CO)[C@@H](O)[C@H](O)[C@@H]4O)cc(O)cc3[C@H](C(=O)O)NC2=O)O[C@H](CO)[C@@H](O)[C@@H]1O,2.176091261950978
CCN(CCO)CCCC(C)Nc1ccnc2cc(Cl)ccc12,2.9294189262252273
Nc1nc(O)c2ncn(CCC(CO)CO)c2n1,0.32221950154076623
C[C@]12CC[C@@H]3c4ccc(OC(=O)N(CCCl)CCCl)cc4CC[C@H]3[C@@H]1CC[C@@H]2OP(=O)(O)O,0.38021142266760244
C[C@@H]1C(=O)O[C@H]2[C@H](O)[C@@]34[C@H]5C[C@@H](C(C)(C)C)[C@]36[C@@H](OC(=O)[C@@H]6O)O[C@@]4(C(=O)O5)[C@@]12O,0.7160034271529607
NS(=O)(=O)c1cc2c(cc1C(F)(F)F)NCNS2(=O)=O,0.7160034271529607
NC1CCN(c2c(F)cc3c(=O)c(C(=O)O)cn(C4CC4)c3c2Cl)C1,0.7323938402478651
CC(C)NCC(O)COc1ccc(CC(N)=O)cc1,0.7853299062065779
CN(C)CCNc1ccc2c3c(nn2CCNCCO)-c2cnccc2C(=O)c13,1.653212523426332
O=[N+]([O-])O[C@H]1CO[C@H]2[C@@H]1OC[C@H]2O[N+](=O)[O-],0.22788696159258082
CN/C(=N/CCSCc1nc[nH]c1C)NC#N,0.3424228782287441
C[C@@H]1C(=O)O[C@H]2C[C@@]34[C@H]5C[C@@H](C(C)(C)C)[C@]36[C@@H](OC(=O)[C@@H]6O)O[C@@]4(C(=O)O5)[C@]21O,0.5797837109048167
CC(=O)NC[C@H]1CN(c2ccc(N3CCOCC3)c(F)c2)C(=O)O1,0.6532126102852178
O=C(N[C@H](CO)[C@H](O)c1ccc([N+](=O)[O-])cc1)C(Cl)Cl,0.6627579260934077
CNC(C)[C@@H]1CC[C@@H](N)[C@@H](O[C@H]2[C@H](O)[C@@H](O[C@H]3OC[C@](C)(O)[C@H](NC)[C@H]3O)[C@H](N)C[C@@H]2N)O1,0.6720979503387889
Cc1nnc2n1-c1sc(Br)cc1C(c1ccccc1Cl)=NC2,0.6812413278535948
CN1C(=O)C(O)N=C(c2ccccc2Cl)c2cc(Cl)ccc21,0.6901961686600315
CNCC[C@@H](Oc1ccccc1C)c1ccccc1,0.7160034271529607
Cc1[nH]cnc1CN1CCc2c(c3ccccc3n2C)C1=O,0.20412025408989115
COc1cc2c(cc1OC)CN(c1cc(N)c3cc(OC)c(OC)cc3n1)CC2,0.7708520852513722
CN1C(=O)[C@H](O)C[C@H]1c1cccnc1,0.7708520852513722
O=C1C(CC[S+]([O-])c2ccccc2)C(=O)N(c2ccccc2)N1c1ccccc1,0.7923917595457453
CCN(CC)CC#CCOC(=O)C(O)(c1ccccc1)C1CCCCC1,0.8573325567499424
c1ccc(C2(c3ccccc3)CC2C2=NCCN2)cc1,0.8633229196128466
Clc1cccc(Cl)c1N=C1NCCN1,0.8808136494247983
CCC(=O)N(c1ccccc1)C1(C(=O)OC)CCN(CCC(=O)OC)CC1,-0.09690947014029329
CC1=C(C(=O)O)N2C(=O)[C@@H](NC(=O)[C@H](N)C3=CCC=CC3)[C@H]2SC1,-0.07058056335132322
CC(Cc1ccc(O)cc1)NCC(O)c1cc(O)cc(O)c1,-0.060480248192608686
CC[C@H]1NC(=O)[C@@H](NC(=O)c2ncccc2O)[C@@H](C)OC(=O)[C@H](c2ccccc2)NC(=O)[C@@H]2CC(=O)[C@H](CS[C@@H]3CN4CCC3CC4)CN2C(=O)[C@H](Cc2ccc(N(C)C)cc2)N(C)C(=O)[C@@H]2CCCN2C1=O,-0.060480248192608686
CCOc1cc(CC(=O)N[C@@H](CC(C)C)c2ccccc2N2CCCCC2)ccc1C(=O)O,-0.060480248192608686
COc1cc2c3cc1Oc1cc(ccc1O)C[C@@H]1c4c(cc(OC)c(O)c4Oc4ccc(cc4)C[C@@H]3N(C)CC2)CC[N+]1(C)C,0.3010302128111679
CNC(=C[N+](=O)[O-])NCCSCc1ccc(CN(C)C)o1,0.32221950154076623
COc1ccc([C@]2(C#N)CC[C@@H](C(=O)O)CC2)cc1OC1CCCC1,0.897627146264423
CN(CCOc1ccc(NS(C)(=O)=O)cc1)CCc1ccc(NS(C)(=O)=O)cc1,0.9084850724952491
CC1CCCC(C)N1CCCC(O)(c1ccccc1)c1ccccn1,0.9242793377636026
CCOC(=O)Nc1ccc(NCc2ccc(F)cc2)nc1N,0.9294189768077582
C=C1CC[C@@]2(O)[C@H]3Cc4ccc(O)c5c4[C@@]2(CCN3CC2CC2)[C@H]1O5,0.9444827215018115
CN(C)[C@@H]1C(O)=C(C(=O)NCN2CCCC2)C(=O)[C@@]2(O)C(O)=C3C(=O)c4c(O)cccc4[C@@](C)(O)[C@H]3C[C@@H]12,0.9444827215018115
CC(C)n1c(/C=C/C(O)CC(O)CC(=O)O)c(-c2ccc(F)cc2)c2ccccc21,-0.1549013395654979
CC(C)(C)NCC(O)c1cc(O)cc(O)c1,1.1760912880086458
CC[C@H](OC(C)=O)C(C[C@H](C)N(C)C)(c1ccccc1)c1ccccc1,1.2552725292307767
O=C(O[C@@H]1C[C@@H]2C[C@H]3C[C@H](C1)N2CC3=O)c1c[nH]c2ccccc12,-0.8860533069792282
C#C[C@]1(O)CC[C@H]2[C@@H]3CCc4cc(O)ccc4[C@H]3CC[C@@]21C,0.9867717790388695
Cc1ccc(C(=O)c2cc(O)c(O)c([N+](=O)[O-])c2)cc1,0.04139307997121095
CC1(C)S[C@@H]2[C@H](/N=C/N3CCCCCC3)C(=O)N2[C@H]1C(=O)O,0.04139307997121095
COC(=O)Nc1nc2ccc(C(=O)c3ccccc3)cc2[nH]1,0.04139307997121095
CN(C)[C@@H]1C(O)=C(C(N)=O)C(=O)[C@@]2(O)C(O)=C3C(=O)c4c(O)cccc4[C@@](C)(O)[C@H]3[C@H](O)[C@@H]12,1.000000043429446
CN[C@H](CC(C)C)C(=O)N[C@H]1C(=O)N[C@@H](CC(N)=O)C(=O)N[C@H]2C(=O)N[C@H]3C(=O)N[C@H](C(=O)N[C@H](C(=O)O)c4cc(O)cc(O)c4-c4cc3ccc4O)[C@H](O)c3ccc(c(Cl)c3)Oc3cc2cc(c3O[C@@H]2O[C@H](CO)[C@@H](O)[C@H](O)[C@H]2O[C@H]2C[C@](C)(N)[C@H](O)[C@H](C)O2)Oc2ccc(cc2Cl)[C@H]1O,0.812913423457386
Cc1nc2c([nH]1)CCN(C(=O)c1ccc(NC(=O)c3ccccc3-c3ccccc3)cc1)c1ccccc1-2,0.8260748675208935
O=c1n(CCCN2CCN(c3cccc(Cl)c3)CC2)nc2ccccn12,0.8633229196128466
CO/N=C(\C(=O)N[C@@H]1C(=O)N2C(C(=O)O)=C(CSc3nc(=O)c(O)nn3C)CS[C@H]12)c1csc(N)n1,0.934498501742923
CC1COc2c(N3CCN(C)CC3)c(F)cc3c(=O)c(C(=O)O)cn1c23,0.9493900554420428
C#C[C@]1(O)CC[C@H]2[C@@H]3CCC4=CC(=O)CC[C@@H]4[C@H]3CC[C@@]21CC,0.9731278998012368
Nc1c2c(nc3ccccc13)CCCC2,0.518514071482256
Cc1nccn1CC1CCc2c(c3ccccc3n2C)C1=O,0.5314790447759075
CN(C)CCCN1c2ccccc2CCc2cc(O)ccc21,1.000000043429446
C[C@H](/C=C/[C@H](C)C(C)(C)O)[C@H]1CC[C@H]2/C(=C/C=C3C[C@@H](O)C[C@H](O)C3)CCC[C@]12C,0.7242759515431364
CCCCCN(CCCOC)C(=O)[C@@H](CCC(=O)O)NC(=O)c1ccc(Cl)c(Cl)c1,0.07918160795954224
N[C@@H]1CN(c2c(F)cc3c(=O)c(C(=O)O)cn([C@@H]4C[C@@H]4F)c3c2Cl)CC12CC2,0.8195440013440579
Cc1ncc([N+](=O)[O-])n1CCO,0.8512584098873078
CC(N)Cc1ccccc1,0.8633229196128466
CCCC1O[C@@H]2C[C@H]3[C@@H]4CCC5=CC(=O)C=C[C@]5(C)[C@H]4[C@@H](O)C[C@]3(C)[C@]2(C(=O)CO)O1,0.4471581864473636
O=C(O)CCCc1ccc(N(CCCl)CCCl)cc1,0.04139307997121095
C=CCN1CCCC1CNC(=O)c1cc2nn[nH]c2cc1OC,0.4471581864473636
O=C(O)c1ccccc1-c1c2ccc(=O)cc-2oc2cc(O)ccc12,0.20412025408989115
CC(=O)N[C@H]1[C@H]([C@H](O)[C@H](O)CO)OC(C(=O)O)=C[C@@H]1NC(=N)N,0.23044917684554106
CN[C@@H]1[C@H](O)[C@H](NC)[C@H]2O[C@@]3(O)C(=O)C[C@@H](C)O[C@H]3O[C@@H]2[C@H]1O,0.25527274637795117
COc1nc(N)nc2c1ncn2[C@@H]1O[C@H](CO)[C@@H](O)[C@@H]1O,-0.30102912707588597
CCC(=O)N(c1ccccc1)C1(COC)CCN(CCn2nnn(CC)c2=O)CC1,0.20412025408989115
C[C@H]1O[C@@H](n2cc(F)c(=O)[nH]c2=O)[C@H](O)[C@@H]1O,-0.45593071481012015
COc1ccc(CCNCC(O)COc2cccc(C)c2)cc1OC,0.2787538295288119
O=NN(CCCl)C(=O)NCCCl,-0.4317971021657212
CC(Oc1ccccc1)C(=O)N[C@@H]1C(=O)N2[C@@H]1SC(C)(C)[C@@H]2C(=O)O,-0.04095813043248518
CC(=O)OCC1=C(C(=O)O)N2C(=O)[C@@H](NC(=O)Cc3cccs3)[C@H]2SC1,-0.022275937559306635
CN1C[C@H](C(=O)N[C@]2(C)O[C@@]3(O)[C@@H]4CCCN4C(=O)[C@H](Cc4ccccc4)N3C2=O)C=C2c3cccc4[nH]cc(c34)C[C@H]21,0.32221950154076623
C[C@H](O)C(=O)Nc1c(I)c(C(=O)NC(CO)CO)c(I)c(C(=O)NC(CO)CO)c1I,0.32221950154076623
NC[C@H]1O[C@H](O[C@H]2[C@H](O)[C@@H](O[C@H]3O[C@H](CO)[C@@H](O)[C@H](N)[C@H]3O)[C@H](N)C[C@@H]2N)[C@H](O)[C@@H](O)[C@@H]1O,0.32221950154076623
COc1ccc2[nH]c([S+]([O-])Cc3ncc(C)c(OC)c3C)nc2c1,-0.2365712576541187
O=C(O)CCNC(=O)c1ccccc1,-0.22914725226613739
O=C(O)C(Cl)Cl,-0.18708597521230158
CC[C@@]1(O)C(=O)OCc2c1cc1n(c2=O)Cc2c-1nc1cc(F)c(C)c3c1c2[C@@H](N)CC3,0.8260748675208935
O=C1Nc2ccc(Cl)cc2C(c2ccccc2)=NC1O,0.8260748675208935
O=C1CN=C(c2ccccc2)c2cc([N+](=O)[O-])ccc2N1,1.4149733646744516
NCCC(O)(P(=O)(O)O)P(=O)(O)O,1.5051499918916083
CCC(=O)O[C@](Cc1ccccc1)(c1ccccc1)[C@H](C)CN(C)C,1.2552725292307767
CCCCCOc1ccc(-c2cc(-c3ccc(C(=O)N[C@H]4C[C@@H](O)[C@@H](O)NC(=O)[C@@H]5[C@@H](O)[C@@H](C)CN5C(=O)[C@H]([C@H](O)CC(N)=O)NC(=O)[C@H]([C@H](O)[C@@H](O)c5ccc(O)c(OS(=O)(=O)O)c5)NC(=O)[C@@H]5C[C@@H](O)CN5C(=O)[C@H]([C@@H](C)O)NC4=O)cc3)no2)cc1,1.204120009799329
CCCC(C)C1(CC)C(=O)NC(=O)NC1=O,1.3424227005628642
